,counts.CD8T,counts.CD4T,counts.NK,counts.Bcell,counts.Mono,counts.Neu
GSM1051525_7800246024_R01C01,0.0713254007523274,0.0772916893111642,0.0684181688997649,0.12403587183082901,0.0472934782775311,0.6003768238129829
GSM1051526_7800246024_R02C01,0.0770821097628492,0.13580172759112802,0.0473775033304558,0.0234968092903256,0.0341490875751388,0.6701441493895001
GSM1051527_7800246024_R03C01,0.0163833300598455,0.0124673475090788,0.0722126739963359,0.0047168642078832205,0.0763743957375765,0.807201747194902
GSM1051528_7800246024_R04C01,0.0778277431604465,0.131099841094193,0.0339047538958496,0.0329186372189747,0.0383382519937762,0.676178096935186
GSM1051529_7800246024_R05C01,0.10759640958617699,0.13756518695159,0.0553943163362159,0.0354796622751431,0.0870479663155293,0.563818322923376
GSM1051530_7800246024_R06C01,0.0917988540113598,0.0195188255105254,0.14278203134202,0.0312808820891217,0.0473404532326491,0.683293268372647
GSM1051531_7800246024_R01C02,0.0632268527027081,0.0254287531663282,0.0741076434738762,0.0059978174991448295,0.0684219738921713,0.7575801814379028
GSM1051532_7800246024_R02C02,0.0229003036204305,0.0890395682346628,0.070132356787257,0.0124175545132893,0.0484715168896675,0.748824969499422
GSM1051533_7800246024_R03C02,0.0138828852504682,0.110737651681407,0.19727024409027902,0.0422773372897388,0.00935347692131168,0.6223173206778101
GSM1051534_7800246024_R04C02,0.0622036557399129,0.124133527030607,0.0253907253222206,0.0292502630621219,0.0572375488431383,0.6888037209926661
GSM1051535_7800246024_R05C02,0.0537340075499719,0.0913673235516239,0.0497507595661526,0.0430709772800673,0.0463611366325365,0.705541972988584
GSM1051536_7800246024_R06C02,0.109270024802852,0.178267060878155,0.0735058716187103,0.0685773228600485,0.0695042831084145,0.512430864415687
GSM1051537_7800246085_R01C01,0.0686284596306364,0.10529426663667402,0.0505327554554285,0.0427776558862815,0.00981306612861472,0.7290575363156859
GSM1051538_7800246085_R02C01,-7.796969726620769e-19,0.16192683353707402,0.0922361170703328,0.00853498294180814,0.0478948616081537,0.677912425357485
GSM1051539_7800246085_R03C01,0.12354994947442599,0.0706741401970641,0.11113674442929801,0.0105177575782561,0.0523390315105166,0.631199349258065
GSM1051540_7800246085_R04C01,0.0167474664315502,0.0516150956822766,0.110188992812363,0.0159454158775369,0.0841301294636582,0.711198590631871
GSM1051541_7800246085_R05C01,0.000277646402942863,0.128965189851924,0.16342540463370497,0.000408134555187598,0.0623454450102559,0.644932021507739
GSM1051542_7800246085_R06C01,0.061434756028226,0.0787633806257187,0.0923722473371217,0.045553700375322,0.0518634447563273,0.68070525333167
GSM1051543_7800246085_R01C02,-3.29132800028278e-19,0.141090470095401,0.0553280052630048,0.0633638182756062,0.0955684927318968,0.6352355804026479
GSM1051544_7800246085_R02C02,4.87287877343288e-19,0.151971926048353,0.0581782130887169,0.0415959112916973,0.0727882048939348,0.6638118835896171
GSM1051545_7800246085_R03C02,0.00274677213884757,0.10017896702927699,0.103987700662935,0.0201083707608028,0.0934850199876281,0.674175241307486
GSM1051546_7800246085_R04C02,0.0040929499437176295,0.0767424309781121,0.038949918294126994,0.00876655310572612,0.11860203726524,0.750644763978692
GSM1051547_7800246085_R05C02,0.0360697355673107,0.09854719528552301,0.0429111563548281,0.0525719651882086,0.0411677420721646,0.7243543595707281
GSM1051548_7800246085_R06C02,0.0237697092112587,0.072452818095011,0.0293600181077026,0.0541366574747632,0.111796176150635,0.710782266477057
GSM1051549_7800246087_R01C01,0.12855984913816598,0.122437346730656,0.10941941158582302,0.040773678102680004,0.0739329740491429,0.523861354012515
GSM1051550_7800246087_R02C01,0.0532376922844578,0.20580019907633,0.10050237193015499,0.0571181581567945,0.040014293054028,0.5526976121912262
GSM1051551_7800246087_R03C01,0.047215008807403,0.139749037485046,0.201705874437834,0.00256228343679027,0.0855397783564986,0.5198235644746261
GSM1051552_7800246087_R04C01,0.0023154018921552303,0.0921117392911862,0.0392590050035297,0.0689617803215096,0.0658382045708054,0.727164032437152
GSM1051553_7800246087_R05C01,0.165732524136559,0.0761531046568834,0.112911557136334,0.0461490422602828,0.0670175480039725,0.5495528313105779
GSM1051554_7800246087_R06C01,-2.1154102783774396e-19,4.960977358373099e-20,-1.34204227413685e-18,0.027888228064563,0.0230650831866095,0.955027948924521
GSM1051555_7800246087_R01C02,0.0776025575612282,0.10663524372197401,0.0914930384735994,0.0737693102719388,0.0923290263572803,0.55101693172777
GSM1051556_7800246087_R02C02,0.0627152047831555,0.25634619405985604,0.0802614714050191,0.0849157931503218,0.0462831041506375,0.458566652672474
GSM1051557_7800246087_R03C02,0.042677702342568,0.173393267935459,0.0454334612868005,0.041908326952947994,0.0506892617273892,0.6430923878221939
GSM1051558_7800246087_R04C02,0.0651984341790003,0.20987262764190498,0.0804197340576068,0.0448364803980793,0.0102411104745045,0.5740364723122161
GSM1051559_7800246087_R05C02,0.11751730271888301,0.156275546851849,0.0933917273846884,0.0837615137631906,0.0882580628928396,0.4670558086009579
GSM1051560_7800246087_R06C02,0.0380160683913632,0.0861550243279816,0.020787556516590998,0.0703494271340311,0.062800071554552,0.7195660731088421
GSM1051561_7800246123_R01C01,1.4187958994267199e-18,0.126399275806651,0.0368315083033536,0.0573163228590923,0.0609915469941943,0.721448621330634
GSM1051562_7800246123_R02C01,0.00741337774273623,0.143597046170811,0.12273367184049198,0.0284282136440013,0.031772665013014,0.6589070599041321
GSM1051563_7800246123_R03C01,0.18903751412827105,0.0752164554758689,0.09095442923742698,0.0482478427531386,0.0600347959637355,0.538790268731128
GSM1051564_7800246123_R04C01,0.0587760398518699,0.0885431939540777,0.121754878531234,0.0294049991071134,0.0449881504790055,0.6549932615166191
GSM1051565_7800246123_R05C01,0.17832588202440197,0.13022121537908998,0.0515700496182407,0.0357276684727045,0.0338424136150814,0.562707326779973
GSM1051566_7800246123_R06C01,0.07328708425479301,0.167707576866866,0.0429107286607808,0.0319071592121832,0.0361515148879215,0.6423038991001789
GSM1051567_7800246123_R01C02,0.125643171432773,0.14746565749996998,0.04625518230877901,0.0811885049134682,0.0150923382939598,0.5876258273462309
GSM1051568_7800246123_R02C02,0.0788418378721616,0.163503854737017,0.157622148292311,0.0601696188349301,0.0422933565615905,0.49519299775414505
GSM1051569_7800246123_R03C02,0.0778378381270085,0.0242025371437597,0.11317102480995898,0.0249400972151223,0.0578534080821245,0.702644174032059
GSM1051570_7800246123_R04C02,0.0685164943478995,0.144146900271603,0.0740358795515631,0.0292587200972776,0.0511835955571194,0.6342316806771451
GSM1051571_7800246123_R05C02,0.0470890992658053,0.19879343483179202,0.0084878577492126,0.04670828614258599,0.0543605404621212,0.6350370473059991
GSM1051572_7800246123_R06C02,0.200055333491797,0.17308228087709301,0.0887282859483064,0.0820029164638529,0.0253022810160023,0.429657547262257
GSM1051573_7800246132_R01C01,0.00489496083409863,0.0882584358243886,0.10622625150667998,0.0366300697323764,0.0786752341903396,0.671870671017081
GSM1051574_7800246132_R02C01,0.0565434690387048,0.149465291114963,0.0390419593420473,0.0607265726683181,0.0167934465840304,0.66659438602565
GSM1051575_7800246132_R04C01,0.0963486511094344,0.11640333076911999,0.104545627067042,0.0320092253452367,0.0433774054696688,0.6123147418068859
GSM1051576_7800246132_R05C01,0.0898879218431582,0.0964149824909447,0.0546756429462862,0.0411852986079965,0.031917687861918,0.687386904214442
GSM1051577_7800246132_R06C01,0.0655115151728163,0.0854639838676804,0.0366569759221627,0.0564650032865957,0.0586128982664864,0.699366257604175
GSM1051578_7800246132_R01C02,0.0501989784047427,0.21025030307169396,0.0358630616195993,0.0713224106261412,0.0286136666454842,0.5957775820505551
GSM1051579_7800246132_R02C02,0.0783900507737623,0.0662766418179858,0.0640838242566024,0.0362018947748368,0.0428161368638707,0.703942345582049
GSM1051580_7800246132_R03C02,0.0508723354685149,0.120631650012827,0.0445509082975008,0.0748490118157391,0.0227735449805112,0.682210766007456
GSM1051581_7800246132_R04C02,0.053637236734392,0.194702775092578,0.166832160181443,0.030053524600808998,0.0282187178586656,0.523592436134018
GSM1051582_7800246132_R05C02,0.0412211261561756,0.0738280271656178,0.146919255953866,0.0351076972392659,0.0429398001415597,0.664246713335355
GSM1051583_7800246132_R06C02,0.0823147844890608,0.143451195060714,0.176686243791645,0.0422465160817378,0.019783118121454,0.538916072496066
GSM1051584_7800246137_R01C01,0.0954513456051367,0.11579631875795901,0.158360056193733,0.0804858769857696,0.0614216987285294,0.512077903766038
GSM1051585_7800246137_R02C01,0.0690097232596331,0.10116883857709101,0.0916543857679058,0.0302328645141128,0.04855154945674401,0.66249376177432
GSM1051586_7800246137_R03C01,0.10163071417353801,0.0632786797743889,0.11883629262071302,0.0509449830470765,0.0521139626836795,0.61323024286959
GSM1051587_7800246137_R04C01,0.0483714961654939,0.131345362557088,0.11015058178004801,0.0173270234074506,0.0540044846577259,0.6331473177041739
GSM1051588_7800246137_R05C01,0.0466459340483328,0.24013219684411605,0.0905050855352509,0.0560148801909536,0.0203950318591443,0.547722012190822
GSM1051589_7800246137_R06C01,0.0374033731772163,0.080003484025174,0.0835307056445732,0.0163469475351453,0.0805321089320652,0.6949660289094891
GSM1051590_7800246137_R02C02,0.10672001129533099,0.18958447033756898,0.0426214929508571,0.068809162263968,0.036164587624655,0.562734949792879
GSM1051591_7800246137_R03C02,0.063160569068765,0.0977846194034177,0.0042906124991587,0.0560890848697709,0.0556064416079975,0.71472216544684
GSM1051592_7800246137_R04C02,0.143882327810738,0.143548184399184,0.0641921722255643,0.0393216326588107,0.0583883271580124,0.544459121756382
GSM1051593_7800246137_R05C02,0.0770249256386535,0.103232169551196,0.16238675060659802,0.0554127592803735,0.0712537236920123,0.531953649818111
GSM1051594_7800246137_R06C02,0.138497870435636,0.12172592014770599,0.0387089521890884,0.0751493312174137,0.0282187554677588,0.6078569431994479
GSM1051595_7800246140_R01C01,0.00493908057811805,0.141391213594311,0.0555938600166594,0.0417109749569032,0.0706777175681572,0.6733855874745911
GSM1051596_7800246140_R02C01,0.0765051051510451,0.139350051593032,0.0602664321337385,0.0318367889119655,0.0609815255958171,0.6322320993013271
GSM1051597_7800246140_R03C01,0.0860975577003133,0.110044917582497,0.0546741893886136,0.0252120364608759,0.0413298058511463,0.6935222645231349
GSM1051598_7800246140_R04C01,0.0255311972923955,0.0789309770318778,0.041094477811395,0.0137853388617847,0.111933891971414,0.736151782180521
GSM1051599_7800246140_R05C01,0.0560071089645703,0.0931643972125973,0.0134341615419654,0.0396650524162375,0.0525594141543069,0.7375009142591781
GSM1051600_7800246140_R06C01,0.0400628364598196,0.0607028972366611,0.00443312291611714,0.0189679398624734,0.077751086553543,0.803105935067937
GSM1051601_7800246140_R01C02,0.0456143305929639,0.19203677869680497,0.0768188758189009,0.0251194313967662,0.0402145741413107,0.61643724567639
GSM1051602_7800246140_R02C02,0.0417292680304318,0.10712028003788301,0.0879003270331092,0.0228799280864293,0.0575844024805522,0.6869388768702149
GSM1051603_7800246140_R03C02,0.148807366851785,0.147049091675053,0.0152765397808623,0.0515365253001761,0.0631390236640883,0.5624056327592221
GSM1051604_7800246140_R04C02,0.086026856895175,0.142609014960968,-3.8556218065301703e-19,0.0587781320077531,0.0503929968234252,0.658389637002616
GSM1051605_7800246140_R05C02,-2.79943129858532e-19,0.12996743326562302,0.0982698081881658,0.108035772370717,0.0592601786596647,0.590768823083503
GSM1051606_7800246140_R06C02,0.0839161745077232,0.174755879499756,0.0777861431951461,0.18402888390408703,0.0470910947064389,0.431695267783489
GSM1051607_7800246188_R01C01,0.123724784765984,0.0700531968860985,0.0942129483933923,0.0335042156910672,0.0770595948203264,0.613367265120781
GSM1051608_7800246188_R02C01,0.127655295232096,0.174546732454719,0.00976703653652583,0.0753547951009884,0.023128167958636,0.588875814698297
GSM1051609_7800246188_R03C01,0.08782705740478798,0.17622398224150698,0.11197122141853301,0.0528587240468983,0.0465630273931195,0.523916431907845
GSM1051610_7800246188_R04C01,0.0762541900691895,0.120267525178892,0.17379928680425197,0.057691089814457995,0.0248248631178315,0.557043384195514
GSM1051611_7800246188_R05C01,0.0529060119780875,0.159851147241387,0.0203644835747225,0.0615970944016098,0.0741087125171661,0.637564221640238
GSM1051612_7800246188_R06C01,0.0241260552128951,0.0636548419597519,0.0799089004559193,0.0339202793284603,0.136411131117988,0.6580252691312071
GSM1051613_7800246188_R01C02,2.49720848934055e-19,0.0765663107070984,0.0311768269258676,0.0122321540086948,0.0989609448285861,0.7864929614497241
GSM1051614_7800246188_R02C02,0.0140478133745705,0.0379690048456178,0.0519909525843534,0.0240541932416481,0.0907057997606286,0.777023029174065
GSM1051615_7800246188_R04C02,0.0554058148771861,0.0450471516632352,0.0581392251999956,0.0366547973638676,0.0930165809526941,0.703521875520286
GSM1051616_7800246188_R05C02,0.15376039158954,0.012905774648215,0.104527532752998,0.0111262882486038,0.0596614434488795,0.6619497680603471
GSM1051617_7800246188_R06C02,0.0385206829587297,0.0890827520255696,0.00684011997371919,0.0184252108123571,0.0554218909235402,0.7900491847922642
GSM1051618_7796814016_R01C01,0.0438961712119736,0.12504336817508602,0.0457365183250955,0.0206254608271362,0.0757803316101565,0.6806960693027251
GSM1051619_7796814016_R03C01,0.00242710581125286,0.167200871226273,0.0669047750182265,0.0506802190358221,0.0372802524334462,0.665507975225566
GSM1051620_7796814016_R04C01,0.0499104299881882,0.13934643560502402,0.10541418457883,0.0250353269337218,0.0622724678855727,0.609446943712773
GSM1051621_7796814016_R05C01,0.0561642325008793,0.0953097978685675,0.051629139432322,0.053810294205507,0.0552734060300215,0.6830180146519029
GSM1051622_7796814016_R06C01,0.0333186740792463,0.18613369688938503,3.5057228397062997e-19,0.0516681656575239,0.0356556802360353,0.6815788911588979
GSM1051623_7796814016_R01C02,0.0321401153521712,0.111687630364362,0.0985791299088483,0.0565680257362894,0.0555005447030218,0.639266865210764
GSM1051624_7796814016_R02C02,0.0272101295923788,0.126177735943755,0.12212654105446301,0.038107951656838994,0.0541680198433525,0.6207003334180401
GSM1051625_7796814016_R03C02,0.0834437806364207,0.0200546321641581,0.116736190070275,0.0117643176557946,0.071512940867848,0.6992452058584251
GSM1051626_7796814016_R04C02,0.147446743870098,0.0246863930964693,0.253855967063132,0.0164886382480891,0.0836766514800105,0.47257831527315103
GSM1051627_7796814016_R05C02,0.0723351432402959,0.174671156336333,-2.25366710606731e-19,0.0438370202761576,0.0665430323199857,0.636140215265259
GSM1051628_7796814016_R06C02,0.0556592616848048,0.0832390047303776,0.174169769431419,0.047599348663678,0.0300762362375108,0.62377295477806
GSM1051629_7800246006_R01C01,0.0430839754499528,0.125446984459108,-3.18931316167321e-20,0.0832750076529125,0.0517197901244883,0.6922660881447719
GSM1051630_7800246006_R02C01,0.0382055430461376,0.114834888073343,0.0795409936915778,0.0566019067471693,0.0832573781378076,0.6267755976905589
GSM1051631_7800246006_R03C01,0.00314207932551905,0.12132004379914,0.07759625896325,0.0502153238170989,0.0532225327031355,0.698390682047769
GSM1051632_7800246006_R04C01,0.0534553684075484,0.100230596414862,0.0774582041540571,0.0381548299633447,0.0467641639883757,0.677232139130101
GSM1051633_7800246006_R05C01,0.0673926149410589,0.14514525078975302,0.0192636834399938,0.0120344510120078,0.0531837231703279,0.6949137260165
GSM1051634_7800246006_R06C01,0.0539306085707152,0.154598251705807,0.071279524293884,0.0730539853002493,0.0596325496994253,0.5919137898027149
GSM1051635_7800246006_R01C02,0.0951100706575809,0.14957321757682998,0.0917453170618996,0.0309673760905974,0.0652004251690296,0.558639126588614
GSM1051636_7800246006_R02C02,0.0614304212857956,0.16272431743008803,0.0516020196419833,0.0517513025067361,0.0851618242868349,0.5808298580941489
GSM1051637_7800246006_R03C02,0.0886110507392749,0.117626838048954,0.10649956111243301,0.0246463358072628,0.0495978809955783,0.611971730465737
GSM1051638_7800246006_R04C02,0.0877222099080859,0.20432191190045002,0.0852717300237155,0.0429126912704603,0.0148264903659614,0.5654362133837889
GSM1051639_7800246006_R05C02,0.0504477849908453,0.12822314047363,0.0731652141446963,0.0354273044680439,0.0535594133701154,0.6496020442736079
GSM1051640_7800246006_R06C02,0.068486462382534,0.0626432216344609,0.0846462368709532,0.0400790179679289,0.0663982966972551,0.679331014274413
GSM1051641_7800246018_R01C01,0.0470753984779405,0.0973739310344992,0.10466996854527699,0.0402347910888659,0.0935429544276754,0.6184887053132478
GSM1051642_7800246018_R02C01,0.11099846833018599,0.148611972444384,0.0840780933427083,0.0273212389413863,0.0513097783153736,0.565607692129098
GSM1051643_7800246018_R03C01,0.0743998812031464,0.0898350293187019,0.0305596223222205,0.0301171758392243,0.0266691304677539,0.7449733033378281
GSM1051644_7800246018_R04C01,0.10832283897865899,0.133771353911835,0.0868605174634254,0.0437303240166072,0.0490472226245388,0.5750295730704561
GSM1051645_7800246018_R05C01,0.0279959415730705,0.0714588300425921,0.0454753042714645,0.0214495555956221,0.0800727571093879,0.753059325303772
GSM1051646_7800246018_R06C01,0.0345768570148955,0.0535240442270486,0.00635130818410244,0.0298528093943325,0.0889566069276555,0.7866227696083801
GSM1051647_7800246018_R01C02,0.0502714932714992,0.121319113648065,0.109658821774125,0.0750947526585336,0.11552820256197299,0.5268587911995499
GSM1051648_7800246018_R02C02,0.0421919139167307,0.115435357439312,-3.73352719499001e-19,0.0484231364711447,0.0521469012660024,0.7425999574462341
GSM1051649_7800246018_R03C02,0.135409623844878,0.051655332945995995,0.338803977189307,0.0164537847460221,0.0519952809198105,0.407847290927404
GSM1051650_7800246018_R04C02,0.00418780167606738,0.16905084354141298,0.0920838037904692,0.0676957471730031,0.029107911782592005,0.634927104822624
GSM1051651_7800246018_R05C02,0.0242644118779528,0.0971719461029878,0.0552783342797135,0.008032778489862991,0.115238820538944,0.692405076998547
GSM1051652_7800246018_R06C02,0.11856808611893199,0.253882517513138,0.0548242482402299,0.0214405030670657,0.0513795059958327,0.500787988128582
GSM1051653_7800246043_R01C01,0.12376233581748801,0.250435189287225,0.0331192145964265,0.0216688871859218,0.0176380301888215,0.542877560465753
GSM1051654_7800246043_R02C01,0.0776447622458048,0.081295173845897,0.0228293220162139,0.0699114635546759,0.031240851453974,0.7210028932735608
GSM1051655_7800246043_R03C01,0.0815755064955533,0.131051131978859,0.0233592388443847,0.0359576316830603,0.0522091988904652,0.676035544809343
GSM1051656_7800246043_R05C01,0.106097444837729,0.14231478346950302,0.21377543957748202,0.10774804131831098,0.0381338532736862,0.378908343259022
GSM1051657_7800246043_R06C01,0.114537218149307,0.0928063324593684,0.22468799680969498,0.044024266500701,0.0378009115582816,0.49464723828467494
GSM1051658_7800246043_R01C02,0.0781529446627987,0.0972661268984546,0.0698832070100849,0.0343345055831201,0.0666052984641572,0.6498952388847049
GSM1051659_7800246043_R03C02,0.0695233305960684,0.17137537872578099,0.117266170740685,0.0259649670389712,0.0675731753658735,0.544739549578855
GSM1051660_7800246043_R04C02,0.00438785160031699,0.12266125032829199,0.0963560525433313,0.0255453098572164,0.0694834591332762,0.6770225575364279
GSM1051661_7800246043_R05C02,0.0572755871359039,0.13172209247589697,0.12799450383050198,0.0360421168631785,0.0385438992867787,0.6106886531696
GSM1051662_7800246043_R06C02,0.010334515691812,0.12218405223660002,0.0839527531751936,0.0251095559163844,0.0399824355014999,0.717223441911957
GSM1051663_7800246054_R01C01,0.0159177609807889,0.127990698102598,0.124384670462575,0.0382968894993271,0.0396356892451282,0.647632258981948
GSM1051664_7800246054_R02C01,0.16395634233249803,0.069204902416735,0.0211960993950163,0.0199732616963827,0.0534260449325102,0.66799758694078
GSM1051665_7800246054_R03C01,0.0556972756605384,0.153978912699505,-4.78938214833345e-19,0.0292695039703607,0.0522585289509648,0.693787251278101
GSM1051666_7800246054_R04C01,-1.11857809081259e-18,0.288311799429617,0.135619270903024,0.0393727446748122,0.0440363409165722,0.48007399244517796
GSM1051667_7800246054_R05C01,0.0389595745454447,0.124088568837862,0.183718828011061,0.0218263417675401,0.0531116877069291,0.565160075414624
GSM1051668_7800246054_R06C01,0.0582942192313,0.291136871119573,0.0203530208804506,0.0828095222581059,0.0328101432732748,0.508438257373567
GSM1051669_7800246054_R01C02,2.43287199082151e-19,0.128920863913322,0.0338127830263038,0.0233874420385609,0.0598680012820796,0.7457197023038059
GSM1051670_7800246054_R02C02,0.0362458037967263,0.0733717562029523,0.0751082003342987,0.00465390391375331,0.0321885777803774,0.776605098374918
GSM1051671_7800246054_R03C02,0.0125563778559361,0.14780628595770198,0.0287743960447959,0.0524522628634216,0.0657271422930381,0.684615181347979
GSM1051672_7800246054_R04C02,0.0447850985554288,0.103622619411353,0.10420182036308,0.0234134542390977,0.0655159189533839,0.656098976963319
GSM1051673_7800246054_R05C02,0.0859772643919042,0.137235926652164,0.0694262387193374,0.0268972919847599,0.0719113566508328,0.61676149882526
GSM1051674_7800246054_R06C02,0.152017142309727,0.0429622501469625,0.127335226906656,0.0250686822012779,0.0710876107676986,0.5766537107614089
GSM1051675_7800246055_R01C01,0.057500218098513,0.245580810968605,0.0440544099422217,0.0316669220309379,0.0553223711104662,0.557758894578994
GSM1051676_7800246055_R02C01,0.0128372564556426,0.105553319363658,0.0131112222635459,0.0667128153673635,0.0929641797604174,0.709437449576054
GSM1051677_7800246055_R03C01,0.0484930923953553,0.20988354806567103,0.0920120416654911,0.0386586080150078,0.0241366455014676,0.5793953353216801
GSM1051678_7800246055_R04C01,0.0382542947116101,0.14838911821403303,0.0019298331590374802,0.0264871656874201,0.0422338835194391,0.735417790192606
GSM1051679_7800246055_R05C01,0.0373918657826002,0.0353681959476653,0.0312911578999225,0.0071215521592070796,0.0655147098919714,0.816866541917633
GSM1051680_7800246055_R06C01,0.0183452747772737,0.17105326993636902,0.0336484738682736,0.00205379667910408,0.0681921379221291,0.6917497880256711
GSM1051681_7800246055_R01C02,0.0751336318003017,0.0727989985791357,0.0251413293856633,0.0277677816410277,0.08537448634568101,0.7012662755342091
GSM1051682_7800246055_R02C02,0.0419325113987312,0.119966322629935,5.04601038119929e-19,0.0292966016427426,0.0494095658677168,0.7450049280859129
GSM1051683_7800246055_R03C02,0.008724773857385909,3.62448301002597e-19,0.0272603293445722,0.00471577206186036,0.0545668902220929,0.903343801285658
GSM1051684_7800246055_R04C02,0.0470326525890984,0.18118565233818199,0.0574763547837197,0.0198522400803391,0.0831970057260227,0.601650088964146
GSM1051685_7800246055_R05C02,-1.2763006004529399e-20,0.11601145479810601,0.0612661126160827,0.0223809327344718,0.0829859788081788,0.710250572594054
GSM1051686_7800246055_R06C02,0.0530891398247954,0.195556168081482,0.0131318151029893,0.0717607534962115,0.0206436507135448,0.624642439345321
GSM1051687_7800246071_R01C01,0.13148642047675,0.0852719408105618,0.138515720574161,0.0406231564514789,0.0277856241466711,0.578212314950446
GSM1051688_7800246071_R02C01,0.109933487567655,0.0690450348212449,0.111532677021118,0.0388022437699619,0.0564434406211166,0.6122642089914351
GSM1051689_7800246071_R03C01,0.0761617468760386,0.134469643762513,0.072263549886653,0.0730207623997347,0.0425152258330242,0.6044886204054161
GSM1051690_7800246071_R04C01,0.0416976020581839,0.11501894446342699,0.00993986933356449,0.0538788587859559,0.04744083970483701,0.7258464526590179
GSM1051691_7800246071_R05C01,-5.65629273661419e-20,0.363624638425699,0.129523771154123,0.0543915419362177,0.0009138958504526949,0.43870238087921
GSM1051692_7800246071_R06C01,0.0511995529821611,0.0935736876908544,0.169659579915509,0.0734140779207048,0.053269649283162,0.561239705378331
GSM1051693_7800246071_R01C02,0.124057339834159,0.0753568677790999,0.131807796830346,0.0435586715108559,0.0603719436473291,0.569084556424844
GSM1051694_7800246071_R03C02,0.0665542856680267,0.0943015507048583,0.11810912953442099,0.0182344351105048,0.0518592309226354,0.6364528072924179
GSM1051695_7800246071_R04C02,0.0246986650499963,0.0968812284780092,0.0652804795463028,0.007347946531888659,0.0745999121199211,0.7199250574615159
GSM1051696_7800246071_R05C02,0.0547493302821311,0.14609019005561302,0.14770588322479597,0.0106301845649641,0.0617139253207606,0.556779048864266
GSM1051697_7800246071_R06C02,0.0233531608244831,0.12236160442308901,0.131905131480499,0.0629871055882806,0.0641718595387996,0.592678281238495
GSM1051698_7800246072_R01C01,0.0517346881572105,0.0731853804166182,8.784354137539928e-21,0.0163331389481204,0.0559017174321041,0.7973833454550071
GSM1051699_7800246072_R02C01,-1.0311412474983999e-19,0.0766255709524959,0.029763337455874003,0.0195681759893649,0.0961824265355648,0.761940037389845
GSM1051700_7800246072_R03C01,2.1563685835891698e-18,0.11146609204045098,0.2741450985742,0.00687326222477695,0.0516642507350035,0.530962248845536
GSM1051701_7800246072_R04C01,0.011195494981261999,0.0592596760811687,0.0505474250734721,0.0369565981045307,0.037201439649387005,0.79065733375297
GSM1051702_7800246072_R05C01,-1.5808800706553199e-19,0.0712506327500923,0.0439308356897844,0.00808451299773033,0.0920528132566991,0.786954350080496
GSM1051703_7800246072_R06C01,0.067064929501587,0.12287931043161802,0.111712197509614,0.0253373555672674,0.0311539647978037,0.645132319172817
GSM1051704_7800246072_R01C02,0.0410711952939871,0.0645599413364238,0.011580010554642998,0.0490396526080936,0.0656786285112134,0.7781207939546059
GSM1051705_7800246072_R02C02,0.0903461556499706,0.175303884921727,0.0621287262902874,0.0970170621271372,0.0430914191123768,0.5370825053520389
GSM1051706_7800246072_R03C02,0.0617373400852158,0.0849093824727555,0.000716030299254247,0.007296733529610779,0.0815822446358942,0.764102737078254
GSM1051707_7800246072_R04C02,0.0656047053886289,0.218333986391403,0.062546096899093,0.0441380058480959,0.126215736969987,0.470371673417129
GSM1051708_7800246072_R05C02,0.0111496133988824,0.0516929822003528,0.000769141843588726,0.0208443968172712,0.0192100006429593,0.889946378465136
GSM1051709_7800246072_R06C02,0.0534014625260687,0.126220210490495,0.06638590326477099,0.0199038234369178,0.03715361218668899,0.690494265599008
GSM1051710_7800246034_R01C01,0.0740520622597128,0.164598929543668,0.121860021623343,0.0343134534265128,0.0544292690749649,0.5438909905040471
GSM1051711_7800246034_R02C01,0.0537574131063044,0.0973096071303596,0.0868740220681634,0.0376766909827137,0.0419028474599171,0.67807507485094
GSM1051712_7800246034_R03C01,0.05782359560192401,0.225050580878044,0.0197295948101097,0.135997971199159,0.060291674015177,0.48887726533982107
GSM1051713_7800246034_R04C01,0.0134917797381236,0.16459595079502598,0.12227957466229401,0.0445937774449532,0.0603991048660485,0.599944072122999
GSM1051714_7800246034_R05C01,0.05655040467996401,0.149652698172453,0.0855786200176504,0.0345590054255411,0.0482552514043865,0.622141090706042
GSM1051715_7800246034_R06C01,0.10851789926791199,0.13779746317103303,0.140691323488834,0.16604841651531,0.041549556921489,0.42761529331334097
GSM1051716_7800246034_R01C02,0.117421282544173,0.16998366942636703,0.0280640410044114,0.0260750924935382,0.0509128173588072,0.606083834142818
GSM1051717_7800246034_R02C02,0.0400355689211591,0.138830659184319,0.0583892869305905,0.0223641929445434,0.0637195748096466,0.6812858654420949
GSM1051718_7800246034_R03C02,0.0213963949264245,0.067980759709469,0.0325084201871279,0.027818347068004998,0.076108925789899,0.7729667928362142
GSM1051719_7800246034_R04C02,0.0237949856224414,0.0757124229619203,0.0255733679043861,0.0287186597783385,0.0711973324378515,0.7714308031197901
GSM1051720_7800246034_R05C02,0.0203771567189563,0.167997008403072,-8.442097349080059e-20,0.0634471790762703,0.0558428701385161,0.6856575867918161
GSM1051721_7800246034_R06C02,0.0171303904794299,0.0413586047220904,0.00619651885563797,0.0430084571802675,0.0721183881483587,0.826446388586997
GSM1051722_7800246040_R01C01,0.0540187200737396,0.160181979967795,0.006878959163184,0.00494577122054862,0.11814065350330699,0.652816245490571
GSM1051723_7800246040_R02C01,0.0386036135150718,0.0988364391848833,0.0592818621292055,0.0272003647890144,0.0721581666352586,0.7204189647163771
GSM1051724_7800246040_R03C01,0.0632924133173492,0.122451558701637,0.0658395731668638,0.0199928818524237,0.0442040453498535,0.689498051846967
GSM1051725_7800246040_R04C01,0.0966227337921022,0.147490104461916,0.0237839445537929,0.0413076050572647,0.0607323106652816,0.633266715491397
GSM1051726_7800246040_R05C01,0.0815371008926052,0.117106185714863,0.0539010052392207,0.0443475123212102,0.0465159645537113,0.6562389190722
GSM1051727_7800246040_R06C01,0.12544739905655802,0.0613641532946232,0.20467704443534898,0.035180189406035005,0.0585139179500814,0.532068120673021
GSM1051728_7800246040_R01C02,0.0546631253642597,0.130748460651056,0.0358679131678515,0.0470040231126074,0.0653268749169882,0.669127143017889
GSM1051729_7800246040_R02C02,0.0217381659543608,0.005110153207409329,0.0130832346474118,0.043244755713499,0.0284524425914154,0.889964377064106
GSM1051730_7800246040_R03C02,0.0803958352980011,0.0645303969930103,0.0375603001642722,0.054117074035432006,0.0647606773001465,0.6945262410420521
GSM1051731_7800246040_R04C02,0.0611953009214265,0.26034041547728504,0.0570523293522309,0.0756770589970893,0.0263816792789872,0.5096076682037399
GSM1051732_7800246040_R05C02,0.178555271581778,0.04845124240688099,0.11587619318154199,0.0748802693331421,0.17556177637865902,0.405082316974031
GSM1051733_7800246040_R06C02,0.0239372533274587,0.242417845204608,0.0825000090133901,0.0671201717412712,0.0934443954619457,0.48554247592935396
GSM1051734_7800246041_R01C01,0.00124297299235186,0.060854069947277996,0.0071012529529583404,0.0255779277276691,0.0414187934611443,0.8565199867384959
GSM1051735_7800246041_R02C01,0.0112133694575343,0.10080220793496301,0.0980831779057073,0.0204031839391969,0.0698272913833162,0.6901662333180439
GSM1051736_7800246041_R03C01,0.0326642043319035,0.10440526056614999,0.0756780664404693,0.0276910860816663,0.0540429146144731,0.7118677989255551
GSM1051737_7800246041_R04C01,0.0767431163363187,0.13774720416803002,0.0377880371537992,0.0557281083579815,0.0503450210927487,0.650529590727349
GSM1051738_7800246041_R05C01,0.0557098693731986,0.0720301100694565,0.06869626098054099,0.0502228585204527,0.0813527933719889,0.6877525319485749
GSM1051739_7800246041_R06C01,0.11972672965410801,0.0411122676110209,0.0610659537628356,0.0522233610351696,0.033884858458547995,0.7058565321045992
GSM1051740_7800246041_R01C02,0.16111605698637801,0.15250187047131197,0.0406332752968205,0.063145168510603,0.0494237018649815,0.5661918108249211
GSM1051741_7800246041_R02C02,0.0640609742738664,0.0191129457061105,0.0673189871828087,0.0273201112058481,0.0134681739753975,0.8094874844113009
GSM1051742_7800246041_R03C02,0.0762781338678218,0.168130982783712,0.0957120071173755,0.0422810227990035,2.5625775122713603e-05,0.6135589891723421
GSM1051743_7800246041_R04C02,0.0380223381605041,0.145581509995175,8.170035807739639e-20,0.0756473454257009,0.0754591405410139,0.650679614220907
GSM1051744_7800246041_R05C02,0.00359691424146515,0.14890158282381,0.0512050277979691,0.0334468297569053,0.0686842152900988,0.6846735734242609
GSM1051745_7800246041_R06C02,0.10925201394569099,0.0859776361478863,0.146973847997067,0.0613618617053564,0.0655371654243782,0.542557695408443
GSM1051746_7800246044_R01C01,0.0137561574095722,0.16304141376707001,0.14504097082710501,0.0242215930129598,0.046806577479619,0.598261406267656
GSM1051747_7800246044_R02C01,0.0216084847647563,0.132029735095453,0.00236277246578458,0.00957772933518895,0.0623710265864576,0.762514524711677
GSM1051748_7800246044_R03C01,0.0148325385991711,0.17538241937645802,0.0528220028637231,0.0354687814166184,0.0535509151165571,0.664100775930353
GSM1051749_7800246044_R04C01,0.0515628283801875,0.0542973940864063,0.0286764371123509,0.0177492897915914,0.0605126311600648,0.784713658644092
GSM1051750_7800246044_R05C01,0.0380680305750211,0.0189267283382565,-8.52366708458499e-19,0.018569997805226002,0.0492115049587163,0.8652613815790141
GSM1051751_7800246044_R06C01,0.11421854431386698,0.301441251579186,0.0825306818278168,0.0477831095161418,-2.6429067193866697e-20,0.457184420410818
GSM1051752_7800246044_R01C02,0.0749023375408914,0.0948146518882444,0.0627687649647548,0.0373165650000579,0.0613524652099324,0.6772223830660989
GSM1051753_7800246044_R02C02,0.10300423501228999,0.144688313220543,0.0762871365129451,0.0536488636812366,0.0581093466616562,0.552490185912317
GSM1051754_7800246044_R03C02,0.0383643777172794,0.0544685951672959,0.0283603462776492,0.0172209310725205,0.0513079493078706,0.803432312608223
GSM1051755_7800246044_R04C02,0.112130038878676,0.10921666121927301,0.102247649681242,0.0450709666899541,0.0249883333940601,0.6060042646310461
GSM1051756_7800246044_R05C02,0.0879060035775709,0.13329947013134902,0.0915178956146556,0.050725186896853,0.0432546536128519,0.584319637404202
GSM1051757_7800246046_R01C01,0.0233883497206407,0.14275663387235699,0.12103766891724199,0.0474645236670746,0.06408936497960299,0.6090858830906409
GSM1051758_7800246046_R02C01,0.12368669315990198,0.22240657496382102,0.0370627992583783,0.006763367992636999,0.0596271887767639,0.5418880718057921
GSM1051759_7800246046_R03C01,0.0799473796642356,0.107037218472303,0.0715266412771518,0.0744480922638304,0.0999537598137573,0.585933654092586
GSM1051760_7800246046_R04C01,0.0275509769822951,0.0697569897806427,0.0281674941993277,0.0240884560081717,0.0827437531691247,0.758413352276261
GSM1051761_7800246046_R05C01,0.0317384523340875,0.284626622398639,0.0743897604016018,0.0557541168722474,0.007910982092425509,0.532575863779269
GSM1051762_7800246046_R06C01,0.101818679264409,0.149290672502214,0.0902693445677678,0.0398940262399371,0.0465275290026273,0.565968225460972
GSM1051763_7800246046_R01C02,0.0377509423836594,0.11150698629754,0.12790952530736302,0.0417695076646034,0.0778427430072271,0.6000853464475171
GSM1051764_7800246046_R02C02,3.8816500969955e-19,0.14502465288051003,0.151963302459078,0.0264683741897582,0.0591998431408597,0.601070003550668
GSM1051765_7800246046_R03C02,5.52231194262782e-19,0.109683206022401,0.0803306545812952,0.0362262656519834,0.0688210048279184,0.7026678248959201
GSM1051766_7800246046_R04C02,0.0447935921065185,0.11539301358746801,0.0428697612265641,0.0323451495601853,0.0669107762286353,0.6911899469626049
GSM1051767_7800246046_R05C02,0.0280387495301072,0.128408116291564,0.211068158428781,0.0355818171980008,0.0556094870078127,0.5316340358903471
GSM1051768_7800246046_R06C02,0.100794420212141,0.17039720853157597,0.0902786586753587,0.0285209983538215,0.0701267902530964,0.538815203353466
GSM1051769_7800246057_R01C01,0.0328632897665189,0.18667821815292102,0.082182618668866,0.0459207642099328,0.0750718149092129,0.571520913435184
GSM1051770_7800246057_R02C01,0.0826764787941878,0.10612397494547698,0.0278123225381997,0.0494387303043065,0.0609824318064118,0.6701118966017621
GSM1051771_7800246057_R03C01,0.143342354928681,0.0559822807325233,0.0928968932648076,0.0569617646673205,0.0404086849675838,0.618575607856785
GSM1051772_7800246057_R04C01,0.0009594802765653779,0.0984965249364221,0.18050844275097,0.0169582324717091,0.0862154259607963,0.610833405336453
GSM1051773_7800246057_R05C01,0.127944461516218,0.25486162189144,-1.0720637369708599e-19,0.081967844965617,0.0379930224844719,0.497745427520122
GSM1051774_7800246057_R06C01,0.0499214940397292,0.154165131767751,0.18759207318237497,0.0830347121518249,0.0786877580786776,0.457771727552367
GSM1051775_7800246057_R01C02,0.0528028058187874,0.155332470801234,0.17683960908629603,0.0462198860186812,0.0450530483307615,0.519527690369704
GSM1051776_7800246057_R02C02,0.0940388341794423,-4.58764160752739e-21,0.152201524351181,0.0101020985318362,0.0543436074017277,0.6874457843857329
GSM1051777_7800246057_R03C02,0.0147665553847384,0.11720033161461599,0.0341706127987527,0.036027504028205,0.0640370658119882,0.719323365930488
GSM1051778_7800246057_R04C02,0.0453061850409401,0.12107673602949699,0.0722351748556568,0.07243395508081199,0.0706349827169751,0.614991139543454
GSM1051779_7800246057_R05C02,0.00928663270794877,0.11528497758617001,0.110910143370665,0.0404446810500642,0.0394830653592736,0.676395878416446
GSM1051780_7800246057_R06C02,0.0220412173643376,0.201000289101872,0.0413727882248007,0.0486245215771603,0.0796975118233338,0.604532951846842
GSM1051781_7800246068_R01C01,0.142801215765029,0.173986846332821,0.0477718074942175,0.0922007084606953,0.0343469009316148,0.5041003498030561
GSM1051782_7800246068_R02C01,0.145544241044101,0.103873359330528,0.0501308259929502,0.0421130585916682,0.0278458489252858,0.6189718355322761
GSM1051783_7800246068_R03C01,0.0115769284443479,0.11062979478330999,0.0302547011465364,0.0282556385397955,0.0861292301370001,0.728034639081642
GSM1051784_7800246068_R04C01,0.0422999469035361,0.154635841141445,0.0170293880550493,0.0372008742711426,0.0469342670768645,0.690125772818912
GSM1051785_7800246068_R05C01,0.0113492207199741,0.0926938109915549,0.0725901815902115,0.0297704025361641,0.0541633720665973,0.7344350184087309
GSM1051786_7800246068_R06C01,0.12090563295565199,0.208285184043108,0.10270638910279901,0.0993670792190592,0.0424681721053881,0.43840719231794395
GSM1051787_7800246068_R03C02,0.0940120368825514,0.20235736276767197,0.0295283133415061,0.0939412908563522,0.0871354420740533,0.48035731472334603
GSM1051788_7800246068_R04C02,0.0939102812904704,0.0857620427466175,0.215622664490421,0.0115948548778016,0.0255215333705631,0.561770250279322
GSM1051789_7800246068_R05C02,0.094434885569256,0.0992515984732254,0.150301514859298,0.0404209064917495,0.0408798069495704,0.56579774011954
GSM1051790_7800246068_R06C02,0.0225170452608396,0.171411835317771,0.132335318232132,0.0570489091337206,0.0823517813036902,0.521894128236948
GSM1051791_7800246079_R01C01,0.0128785383575302,0.071610740509008,0.0347937361460196,0.00386224729223552,0.0833915016440952,0.780271752991816
GSM1051792_7800246079_R02C01,0.0261225516234078,0.0868507565185496,0.145151724070431,0.0422764230767693,0.0531611249172361,0.646382016068768
GSM1051793_7800246079_R04C01,1.0408637416271199e-19,0.152877264751735,0.0882697002109318,0.0529846492434034,0.0514024433323285,0.6433504252090699
GSM1051794_7800246079_R05C01,0.00925165040689919,0.169586019194698,0.11897386540870199,0.0383671001713053,0.0758140032036985,0.575525055422804
GSM1051795_7800246079_R06C01,0.0084557456356427,0.267301314688022,0.0906507406098537,0.0345590411694403,0.0540697561911493,0.552347058902167
GSM1051796_7800246079_R01C02,0.0191875476544753,-6.92671689082919e-20,0.113669898340999,0.0047941368955729605,0.0590635826332066,0.7986054447433699
GSM1051797_7800246079_R02C02,0.00238409551107429,0.0565115836495093,0.0264651538391863,0.0222110701736682,0.0899006291104943,0.8021611323282242
GSM1051798_7800246079_R03C02,3.5598415879624295e-19,0.0897583906251847,1.18304947071213e-19,0.0158481622941077,0.0577797946199415,0.8360378174310219
GSM1051799_7800246079_R04C02,0.0640417461131404,0.0627151731041114,0.120643706351909,0.0189530973083255,0.0624307700590832,0.6590217554978139
GSM1051800_7800246079_R05C02,0.0358622283923091,0.125499931831765,0.12932699901164002,0.0220114946236405,0.0510710486728675,0.6355170951563249
GSM1051801_7800246079_R06C02,-2.56271012731391e-20,0.0221541099110941,0.012459537675161999,0.0229744356638149,0.0657658326212121,0.8807363826615701
GSM1051802_7512560084_R05C02,0.0168757453958561,0.199107409168574,0.113315773552966,0.0150081245823461,0.0595008638776325,0.5753011164958051
GSM1051803_7512560084_R06C02,0.0846541057564448,0.19303013527219298,0.0184444714784951,0.0302864081779459,0.0433770130542742,0.6252863161627111
GSM1051804_7512560103_R01C01,0.12131632963967999,0.17011296382307198,0.047987180500181,0.0605962309801875,0.0314712430814784,0.5680994773930931
GSM1051805_7512560103_R02C01,0.0379792184562356,0.20771841100460897,0.0649018947696705,0.032044062547658,0.0639125651247626,0.5877958633613051
GSM1051806_7512560103_R03C01,0.0166061033575955,0.286577823063544,0.13349542948472698,0.0707771510098724,0.0341895710520333,0.44117413660500504
GSM1051807_7512560103_R04C01,0.0462439389291404,0.181282661435397,0.0923112246483987,0.47361130526701206,0.00789526479850423,0.18017695770162698
GSM1051808_7512560103_R05C01,0.0596829461410842,0.161580980098769,2.5618040460997297e-19,0.068522570897193,0.0456943936456701,0.650176328640028
GSM1051809_7512560103_R06C01,0.072937101312021,0.111908412261877,0.0812831558483599,0.0799936210972037,0.0544782693473693,0.6254096128990121
GSM1051810_7512560103_R01C02,1.84877366540462e-18,0.0803779221314987,2.8206538288423895e-19,0.046576701311483004,0.0881978811236476,0.7775636535168711
GSM1051811_7512560103_R02C02,0.0751656725556681,0.14246954551655303,0.160408565482482,0.0442733960520061,0.0614463840436937,0.511912603861068
GSM1051812_7512560103_R03C02,7.963218353467999e-20,0.167721705298544,0.13732374190144803,0.0293980276417391,0.0581783113837238,0.59629974649838
GSM1051813_7512560103_R04C02,9.65890206499997e-19,0.15496851642296602,0.068830976572438,0.0363086823117743,0.109991337266054,0.625369212426437
GSM1051814_7512560103_R05C02,0.0781509917690524,0.378498386966479,0.0211104762422438,0.0637513638684213,2.4693730110261997e-19,0.453358243173368
GSM1051815_7512560103_R06C02,0.00568653910037895,0.131614561228202,0.16989626069505098,0.007916142373284009,0.0786433856435994,0.612802608060066
GSM1051816_7512560104_R01C01,0.10605779622844198,0.0972638071931661,0.141265406649288,0.0342124960920481,0.052901752262902,0.5752921558935911
GSM1051817_7512560104_R02C01,3.01887804694455e-19,0.124824890172454,0.134008696444878,0.0350047302265835,0.057595914277261996,0.646127737841927
GSM1051818_7512560104_R03C01,0.0396690495747846,0.0565674016605338,0.0405356443046353,0.0232767607702904,0.058003666392626996,0.7802790266403571
GSM1051819_7512560104_R04C01,0.000809680268843864,0.10697131502887801,0.0117818754544384,3.43387513623904e-19,0.0201040596252295,0.851503317749179
GSM1051820_7512560104_R05C01,0.0787999912171079,0.0735324925059906,0.0170677974930757,0.0264093868134789,0.0569868800330646,0.7382001338131751
GSM1051821_7512560104_R06C01,5.89977488014185e-19,0.0872032758164008,0.0709376372768388,0.0299750278749051,0.0794024222323155,0.737605534140672
GSM1051822_7512560104_R01C02,0.0496699239391903,0.11161804888985301,0.24830324506553,0.0319677149388828,0.0631635537701873,0.486001948216379
GSM1051823_7512560104_R02C02,0.0252555971320957,0.0369750396797069,0.140397490122431,0.036133633416118,0.0589060853087956,0.7051425799185022
GSM1051824_7512560104_R03C02,0.0331398850524819,0.0717031766151127,0.0242955654238901,0.0236855402893887,0.0635520523784256,0.7775810128913829
GSM1051825_7512560104_R05C02,0.0394797948001077,0.135194868071745,0.0586415121254161,0.062589523237915,0.0421089310439977,0.650852954312602
GSM1051826_7512560104_R06C02,0.0927903174305888,0.17800071647191099,0.17388417659469596,0.109768711211857,0.0576153959200963,0.396144010574909
GSM1051827_7512560115_R01C01,0.0252828062234422,0.11116495865783198,0.126401119321348,0.0265947081504414,0.0852507949233738,0.6331613739401989
GSM1051828_7512560115_R02C01,0.0783136612389533,0.22913536537494297,0.17048377072162196,0.0769236097132968,0.007229243132970759,0.43258145505240203
GSM1051829_7512560115_R03C01,0.0385410592866827,0.0817690168366114,0.0290939852249151,0.0519600971866806,0.0435816147060254,0.7591173948000569
GSM1051830_7512560115_R04C01,0.0578190571677369,0.0858007273281712,0.0205241667896258,0.0302422768913488,0.050916249148037,0.7612300707581509
GSM1051831_7512560115_R05C01,0.0990775487180603,0.10048766918664999,0.0968234577938178,0.0763516450064896,1.3271771371887098e-19,0.600723220959032
GSM1051832_7512560115_R06C01,0.0601933407792409,0.191954860507439,0.0442254889954094,0.10550875578805,0.032811758816221996,0.567901111507394
GSM1051833_7512560115_R01C02,0.0888669273689474,0.196501489973008,0.0471668599011543,0.0494933985248276,0.0239499048783362,0.5811486011776911
GSM1051834_7512560115_R02C02,0.0706792366326759,0.139507773838177,0.0758775302456015,0.0145469045338776,0.0429167863195585,0.637317067767359
GSM1051835_7512560115_R03C02,0.0509678798240787,0.14702628167003,0.0962157146397615,0.0375416648264428,0.0864292323280236,0.5679534942662521
GSM1051836_7512560115_R04C02,0.0252098900002454,0.0540291370141152,0.00388443421415521,0.014791043433258998,0.0739559694673755,0.819186362887597
GSM1051837_7512560115_R05C02,0.073852366986357,0.13954632512902698,0.05382782687158401,0.0654119981569959,0.019684250827167,0.647056987826726
GSM1051838_7512560115_R06C02,0.0829625663406071,0.19336778099009,0.048961343839564006,0.019995447030921,0.0633034203454572,0.6011479587456059
GSM1051839_7512560124_R01C01,0.00650126322127559,0.24144150834140699,0.0672200151269667,0.0430550929048193,0.0374304040289137,0.570179636151713
GSM1051840_7512560124_R02C01,0.108609296427384,0.101007251605663,0.0652470484654057,0.0290794190991706,0.065812216543816,0.636440924551324
GSM1051841_7512560124_R03C01,0.043339872533874,0.0969213280090375,0.160595926525953,0.0247468652025626,0.0537619420607149,0.614219796430405
GSM1051842_7512560124_R04C01,0.12364463211134,0.23960553762214298,0.0484180485306923,0.0741303948178408,0.0166769490096614,0.503376903605915
GSM1051843_7512560124_R05C01,0.10060600386708099,0.214512212045315,3.93914738285802e-18,0.0898000440343787,0.0521239787277144,0.5359587139159361
GSM1051844_7512560124_R06C01,0.13978085240267202,0.0527489769760178,0.17867487013313801,0.0396838017915375,0.0869877062018163,0.516916060952373
GSM1051845_7512560124_R01C02,0.0775112514053377,0.15665876472279197,0.0375641071459359,0.0611067972942673,0.0164851638443356,0.644684976756828
GSM1051846_7512560124_R02C02,0.0603633253589069,0.109488163102866,0.067457581296958,0.0288778603052186,0.08871261907974301,0.643864089163975
GSM1051847_7512560124_R03C02,0.0559530886091601,0.17303131518451098,0.07088412594741499,0.0803454134034152,0.032056197813896,0.571703625465158
GSM1051848_7512560124_R04C02,0.0512841594042886,0.24358290634446103,0.0716563282113091,0.0736935761560538,0.044776716271069,0.510069391302122
GSM1051849_7512560124_R05C02,0.044971001420007005,0.0943305154864867,0.0921714882202089,0.0150825173518814,0.059841169332079,0.682988428032603
GSM1051850_7512560124_R06C02,0.129592746389462,0.17014364881661803,0.0213064009794302,0.0748709404364001,0.0611780788583566,0.553505309473614
GSM1051851_7512560128_R01C01,0.0686773107796087,0.148749676053927,0.0956188114906612,0.0274204752528125,0.0618715245567281,0.588392395264834
GSM1051852_7512560128_R02C01,0.15587310700470802,0.11058824044856401,0.157417548635071,0.0530119108961527,0.025562527458122,0.507912231081151
GSM1051853_7512560128_R04C01,0.100954085305536,0.235615361106642,0.0315265477490463,0.128144492390934,1.9575649560499397e-19,0.496692149235432
GSM1051854_7512560128_R05C01,0.045600378674488004,0.24591886386706502,0.0382530443219304,0.0162541639647829,0.0453816142638606,0.579613003767463
GSM1051855_7512560128_R06C01,0.11562854028739698,0.19542311188862801,0.0798595306080495,0.0381887156968395,0.0690772031503242,0.490044425154346
GSM1051856_7512560128_R01C02,-9.13297226146775e-19,0.0776390357184952,0.0136543971264365,0.0441343296521359,0.0386871087375377,0.8187684068848949
GSM1051857_7512560128_R02C02,0.0665766978203334,0.198109102111776,0.0856727759044854,0.0607201925201057,0.0494899582314253,0.537610549549162
GSM1051858_7512560128_R03C02,0.0382482388911058,0.0750919901249813,0.023872606365663997,0.0173878871012421,0.0844224406894389,0.7561605052019599
GSM1051859_7512560128_R04C02,0.049802200095139006,0.17402590657713196,-1.29103464778705e-19,0.0561173897982063,0.00830158315262892,0.7024606069265009
GSM1051860_7512560128_R05C02,0.060466585564492,0.109566890041316,0.0924573010678908,0.0455311059861828,0.0130737396049735,0.6677586482416611
GSM1051861_7512560128_R06C02,0.128405173581465,0.0549765316807442,0.129562897977514,0.0570778624113887,0.0667256095153585,0.566067403930939
GSM1051862_7766130158_R01C01,0.0301277624804921,0.0828348346496388,0.10230825253722099,0.0247725233917917,0.0385984596646207,0.7198005220386501
GSM1051863_7766130158_R02C01,0.054005671393535994,0.0832203883800313,0.0520522815084761,0.0261513842757656,0.0380466306502898,0.7470250957231089
GSM1051864_7766130158_R03C01,0.0406418192865755,0.13718849398107003,0.0686901479018002,0.0392033054263372,0.035225660466752004,0.675724898205158
GSM1051865_7766130158_R04C01,0.0870782021272844,0.110921093937726,0.14100570988557098,0.0197690309746599,0.0541661500858657,0.589454274647612
GSM1051866_7766130158_R05C01,0.0309845043066349,0.093345712063944,0.0343215012721008,0.016205604573366998,0.0747204548398464,0.7465471638718291
GSM1051867_7766130158_R06C01,1.06439910172199e-18,0.0402210192245838,-4.3312122527309793e-19,0.0318693801455369,0.100378974389364,0.8294360181356899
GSM1051868_7766130158_R01C02,6.03076608924739e-19,0.132187707477271,0.0650111644069621,0.0810558744154912,0.0713727907002361,0.648589187260198
GSM1051869_7766130158_R02C02,0.0400306992775441,0.0794885430397739,0.0337053520389512,0.039990370671352006,0.0561075982799699,0.7523352433388292
GSM1051870_7766130158_R03C02,0.0244859679616385,0.0904851293508249,0.0513938921034272,0.0406793812089083,0.0547552636378683,0.738226808002564
GSM1051871_7766130158_R05C02,0.0379308684586637,0.0734929422060193,0.039562630014963,0.0276900282250779,0.0673711100175998,0.756509903949277
GSM1051872_7766130158_R06C02,0.0342510001013051,0.00238647845679751,0.00588041692305695,0.0245120681524813,0.0373162811878411,0.901893492362784
GSM1051873_7766130166_R01C01,0.0658053321579624,0.10649459020664802,0.157149094234512,0.0926577971175255,0.0317452717088751,0.540264546689841
GSM1051874_7766130166_R02C01,0.0818862942218853,0.16270819418042,0.0132837397519533,0.036355391775388,0.0778130838587177,0.6123488100599399
GSM1051875_7766130166_R03C01,0.0061988023238654,0.0404656068851709,0.0138477851948912,0.0203224016228074,0.0493177328242105,0.862405662999093
GSM1051876_7766130166_R04C01,0.0383753176590802,0.18594944192229604,0.0564835185770738,0.0238087902180583,0.0595629162515365,0.624500991024254
GSM1051877_7766130166_R05C01,0.0214221580944651,0.067712719409633,0.0812044263509921,0.0178140722517586,0.0515592372609966,0.748992705527544
GSM1051878_7766130166_R06C01,0.0210195595035625,0.0211495634242459,0.111912479656115,0.0490764514849939,0.0112858002812101,0.790226443228693
GSM1051879_7766130166_R01C02,2.1932606767130895e-19,0.0150132444693749,0.025881387515874998,0.00429321044068754,0.104366906352513,0.8556140924700101
GSM1051880_7766130166_R02C02,0.0072069257544454,0.10799737484079198,0.0419241356685969,0.0814206721480617,0.0307571578479475,0.721688448376261
GSM1051881_7766130166_R03C02,0.0320197518065902,0.0661573602383315,0.0475532355424655,0.0226179061314581,0.0712692396556209,0.755404748364539
GSM1051882_7766130166_R04C02,-4.0863710536525894e-20,0.0585119564084844,0.0530365138012306,0.0223286570752224,0.100819741059939,0.7668727760207629
GSM1051883_7766130166_R05C02,0.0524612283354181,0.235045623508654,0.00805334821027755,0.0591292808750265,0.0571556536939204,0.5686926514466221
GSM1051884_7766130166_R06C02,0.0736965662949451,0.101068102928306,0.0712757399373542,0.0271824238545685,0.0556334266408811,0.664736363992824
GSM1051885_5730192015_R01C01,0.0247796624570443,0.0341903799372088,0.0477681163178265,0.0547238835259753,0.129532694399567,0.70835968815061
GSM1051886_5730192015_R04C01,0.0264059049471802,0.13389130669662402,0.0234502753452008,0.0251177271949382,0.11754786617311301,0.673937594396001
GSM1051887_5730192015_R05C01,0.0441525101732879,0.169430642140278,0.0245875702403099,0.00745648601118918,0.0865431793690113,0.660670126474598
GSM1051888_5730192015_R06C01,2.7739162279401197e-19,0.0356855072691694,7.08296689382415e-20,0.0476601764835345,0.055298785366533,0.85726122949688
GSM1051889_5730192015_R01C02,0.0502653506345094,0.0440336500163614,0.0277828407341901,0.0183588336272124,0.0470917518957987,0.808313067299557
GSM1051890_5730192015_R02C02,1.06275182994968e-18,0.19662821201081696,0.0071684336999556795,0.023156850451869,0.0335438567377888,0.734476434114548
GSM1051891_5730192015_R03C02,0.035261369378097,0.12148461131475301,0.170615782892274,0.0302266482092771,0.103187605731717,0.5356081689779479
GSM1051892_5730192015_R05C02,0.0794984669648119,0.11453771262517899,0.109322099670926,0.049945368179229004,0.0564962194168262,0.575197104306561
GSM1051893_5730192015_R06C02,0.0189585405254211,0.0733082614092988,0.0271959757403919,0.0518142364699788,0.102121333478327,0.7249651159141679
GSM1051894_5730192033_R01C01,8.467336739559229e-19,0.0581114179907584,0.0651610343777981,0.020095220682000002,0.09009076895425501,0.7592374147940161
GSM1051895_5730192033_R02C01,0.00799097515627846,0.0567594979139702,0.0600330977918853,0.0303954827759883,0.0722064637333672,0.768928967237328
GSM1051896_5730192033_R04C01,-7.754220760090929e-19,0.11116211480532401,0.0743310349759974,0.0356466410757048,0.12642284072508697,0.6482829263304589
GSM1051897_5730192033_R05C01,0.0757116379348745,0.162375891475499,0.0587707167303479,0.0435251632126192,0.0421556640881891,0.60794404389983
GSM1051898_5730192033_R06C01,0.00453879778928741,0.0872762585720143,0.0026903592640764896,0.00640161545654424,0.0803260002957672,0.8107212482004459
GSM1051899_5730192033_R02C02,0.0315073914854415,0.162969940778815,0.00319742434207825,0.0868535517109705,0.0512824203239007,0.6500364437126209
GSM1051900_5730192033_R05C02,0.0493737572925623,0.19948141331565897,0.0482843297792282,0.05679084826151799,0.0617589873642153,0.576823036138846
GSM1051901_5730192053_R01C01,0.0627406729679923,0.124026973310843,0.0605906767729616,0.0512161380656099,0.0735559627373798,0.611730512997487
GSM1051902_5730192053_R02C01,0.12330607970186301,0.0754301608329545,0.188665043013842,0.0177013509104921,0.0452949508359817,0.552046682708182
GSM1051903_5730192053_R03C01,0.0339743492153057,0.0984672712517646,0.0714951937498047,0.0214532740223156,0.0707640667236097,0.6933498548829959
GSM1051904_5730192053_R05C01,-2.68480425436075e-19,0.230146999990064,0.0294232948452391,0.0129625760324698,0.0734925126747815,0.646487656690162
GSM1051905_5730192053_R06C01,0.11557862701224302,0.140794274772345,0.16050140506161903,0.0835253879058277,0.0350881171460018,0.472454746310907
GSM1051906_5730192053_R01C02,0.0238792841652066,0.13964904192815303,0.10806286922241,0.0493567389663404,0.066482141389681,0.6078049669317529
GSM1051907_5730192053_R02C02,0.0790910956619194,0.22103460521114104,0.067825281261383,0.0371526809753649,0.0831188259041008,0.51034753174467
GSM1051908_5730192053_R05C02,0.0980591689079945,0.171122237226561,0.0056564459328893105,0.0282486657928758,0.038470343789351,0.666628440360035
GSM1051909_5730192053_R06C02,0.0771155636358354,0.10535250103651199,0.0692915169330034,0.00831706878740205,0.0539886752647123,0.6780664163402459
GSM1051910_5730504013_R02C01,0.0475091778265495,0.133240994484577,0.0685613409869961,0.0418779484151948,0.0753595979894813,0.6250218579193829
GSM1051911_5730504013_R03C01,0.0808030956622407,0.0791532103424204,0.0902015539431134,0.0639449699215575,0.0554058571374944,0.626363895366134
GSM1051912_5730504013_R06C01,0.0832125722438435,0.139493520159919,0.0220298436310144,0.0617801317922763,0.019952463547414,0.676524308833497
GSM1051913_5730504013_R01C02,0.0753737200097465,0.108915346209784,0.101782247284159,0.0295253411276475,0.0861957747630874,0.612163242721405
GSM1051914_5730504013_R05C02,0.0843510791898813,0.1015394178028,0.0163447136067697,0.0573270762062024,0.0543041370576797,0.6783636252486519
GSM1051915_5730504013_R06C02,0.0361822637636038,0.12346053527429302,0.0247881500124635,0.0349635500668626,0.05475713484477901,0.7286127297747991
GSM1051916_5730504014_R01C01,0.0182971780989201,0.0438628511982606,0.039979077739485,0.0177895649222579,0.0638277027895608,0.79804943060474
GSM1051917_5730504014_R03C01,0.0238434356613219,0.0908496008520137,0.079092438336275,0.0362652082218647,0.0500225272506997,0.7145888052488101
GSM1051918_5730504014_R04C01,0.038756751228969,0.104485310073711,0.0995141202260111,0.0233528654945112,0.0421386495814733,0.674759084466224
GSM1051919_5730504014_R05C01,0.031879275869792,0.167343278311233,0.0288858707507599,0.0259155003407623,0.0410977085961116,0.6966519223505799
GSM1051920_5730504014_R06C01,0.0507995720451551,0.0630720777753305,0.0523921039755584,0.0267178755655978,0.0866530252303061,0.7241772139751959
GSM1051921_5730504014_R01C02,0.0147609466215338,0.0264630450197954,2.82360297974783e-19,0.0174361327374874,0.0267409217069997,0.9056792759365949
GSM1051922_5730504014_R02C02,0.0524329024424837,0.110470568190368,0.0486032877570202,0.0415043678681309,0.0700130684485943,0.670452775553881
GSM1051923_5730504014_R03C02,0.0880361588917144,0.130427799927762,0.10982864051718101,0.0474214150371352,0.0675291816102672,0.545064239491005
GSM1051924_5730504014_R05C02,0.0390192975946296,0.13423792843464502,0.117782398070486,0.027787537041245,0.0397116464080626,0.641540805468391
GSM1051925_5730504014_R06C02,0.11921848753832001,0.0976816143763386,0.00329582482100642,0.0738166950029897,0.0651085914979342,0.636419378306952
GSM1051926_5730504015_R01C01,0.106907018541027,0.0862696370695016,0.115952809940187,0.0570634952555074,0.0659315078144807,0.576831883031022
GSM1051927_5730504015_R02C01,0.234138839674142,0.10259140973366801,0.13865524738620003,0.0678065309732321,0.0092694855186782,0.44754032885762296
GSM1051928_5730504015_R03C01,0.16372155357663098,0.267033384753067,0.145539682159638,0.0394672280912264,0.0267265061917474,0.351241297205958
GSM1051929_5730504015_R04C01,0.11057219428087199,0.1441937214032,0.127157185358938,0.0401455513142424,0.0585506289844581,0.518937726434722
GSM1051930_5730504015_R05C01,-3.14626270829536e-18,-6.0327061866894795e-18,-1.52229192190544e-18,-1.5409107463641399e-19,0.0282668858636252,0.9717784698959279
GSM1051931_5730504015_R05C02,0.0873894781120111,0.0844756489362802,0.0349764593667263,0.0252859933090119,0.0530041488760072,0.7181455184017479
GSM1051932_5730504015_R06C02,0.055739889884217,0.0705308202588493,0.00866754454258785,0.0287851838850265,0.065027422774924,0.771602473098005
GSM1051933_5730504031_R01C01,0.0442474225792056,0.0439728188235242,3.65199894396616e-19,0.00876295106721178,0.0549377640731922,0.8446490873604201
GSM1051934_5730504031_R04C01,0.0881016964111089,0.049820918697008,0.0873935443027564,0.0167360812493642,0.104741145497892,0.660616531000984
GSM1051935_5730504031_R06C01,0.0317753010050249,0.0635905553739197,0.0337422777114258,0.024544600447729003,0.0591275867759341,0.791248034203365
GSM1051936_5730504031_R01C02,0.0427187561484398,0.0815026877790738,0.0496496648660521,0.0533896505484197,0.029654218058932005,0.742907332092052
GSM1051937_5730504031_R04C02,0.0435947428700928,0.05425415622736599,7.030939857917739e-19,0.0432031359353269,0.0531014791860188,0.800721827419478
GSM1051938_5730504031_R05C02,0.0336467032345786,0.089393060453909,0.0636866046396099,0.023226649122087998,0.0608642723728108,0.7282523910415379
GSM1051939_5730504060_R01C01,0.0381470048935875,0.0219292976877548,0.0213691848414373,9.610833994277929e-19,0.0878377981628482,0.8278329908981441
GSM1051940_5730504060_R02C01,0.0668389267852668,0.0504796739949157,0.0683443898539754,0.07089343981047799,0.0684340232006588,0.678709198988364
GSM1051941_5730504060_R03C01,0.0590234324278217,0.099542473619649,0.0185338688612014,0.0498806519505502,0.09545683309650199,0.68688902036533
GSM1051942_5730504060_R05C01,0.0382106867197519,0.0473600115099706,0.0138979680848912,0.0331171588470574,0.0676800658401866,0.8057774472621341
GSM1051943_5730504060_R06C01,0.0796544814862882,0.0984154960519824,0.0678509532959955,0.0373586244600879,0.0622295094019153,0.668929555506872
GSM1051944_5730504060_R02C02,0.0641042553908056,0.0932200049446992,0.0179470790817869,0.0206153530322822,0.0885090856213648,0.722308088302003
GSM1051945_5730504060_R03C02,0.060445644607474,0.0598388198806488,-2.36249039619462e-21,0.0474902446544728,0.0582112506353192,0.7782312871203771
GSM1051946_5730504060_R04C02,0.0536916635213053,0.0790098960814472,9.440132713389558e-19,0.0285472840167848,0.0526201567913662,0.7972854403713101
GSM1051947_5730504060_R05C02,0.0479068138700337,0.18486418845518499,0.0248427153743889,0.0694283634459766,0.0404983371752558,0.6465701444092491
GSM1051948_5730504060_R06C02,0.0254965134105426,0.0531944020543698,0.0234926012052402,0.0207114363390176,0.11959263898887901,0.7593969081503309
GSM1051949_5765205058_R01C01,0.0792235514000091,0.0870677374030118,0.0889705649113676,0.0215655816031976,0.0857221332067764,0.64379905679746
GSM1051950_5765205058_R02C01,0.0909230780266911,0.261093971630673,0.0054685158349941105,0.0222904000641017,0.0296435139113519,0.5962416921987309
GSM1051951_5765205058_R04C01,0.177759485011161,0.0956028657542972,0.146890600294965,0.0436330459491704,0.11099857379470698,0.467321882835148
GSM1051952_5765205058_R05C01,0.0364084778243369,0.22241133294773496,0.0190383235870007,0.0492620912691967,0.030542903174987004,0.645569005615668
GSM1051953_5765205058_R06C01,0.0779866105975595,0.0986102352050813,0.195925631399463,0.0407448872194124,0.0484876607898942,0.538528130536216
GSM1051954_5765205058_R01C02,0.0883863875183552,0.17638557513782002,0.04842002501271,0.045881290346699,0.0595958986810696,0.576740457466865
GSM1051955_5765205058_R02C02,0.0846048189614468,0.184476046102864,0.0670144615227236,0.0682438071317966,0.027200469547067996,0.566487624910824
GSM1051956_5765205058_R03C02,0.0173390764637809,0.0917195260898659,0.0366060953104879,0.0292264530645021,0.0410516518242795,0.775727532012503
GSM1051957_5765205058_R05C02,0.0096608160450285,0.15753557685908098,0.0323402062660076,0.0359414242641201,0.0942541400062259,0.667383887544481
GSM1051958_5765205058_R06C02,0.128618178885861,0.0783237141795467,0.137181200746967,0.0689308128186596,0.0680149242333609,0.528857350220083
GSM1051959_5765205059_R02C01,-9.47660210189364e-19,0.127634404395922,0.0157663439296879,0.0333368442724508,0.10541394361066699,0.722646336224232
GSM1051960_5765205059_R03C01,-6.09292956550747e-19,0.0866008001627763,0.016255368148311,0.0172820505884157,0.11668611910138499,0.7601738289131971
GSM1051961_5765205059_R04C01,0.10293328390604099,0.0775409498979161,0.00401669371901418,0.0397772637039249,0.046697419405553005,0.723984120341785
GSM1051962_5765205059_R05C01,0.0402159727955931,0.152058422825358,0.0508787954548356,0.0997321035212603,0.061226565541458,0.598924369068824
GSM1051963_5765205059_R06C01,0.0846997857120191,0.255490497832883,0.0856778264600271,0.0723558471144639,0.0833904785033387,0.418587582346048
GSM1051964_5765205059_R01C02,0.0305084121042333,0.17606393812236,0.0486999526910424,0.0505315077387925,0.0897250885582263,0.6002467599977479
GSM1051965_5765205059_R02C02,6.37002910790989e-19,0.0273809481169575,-4.19054227630393e-20,0.0207483158510297,0.0372151413409185,0.911507629532851
GSM1051966_5765205059_R04C02,0.0305401777589475,0.12931176131254302,0.10480863713709401,0.0524979399761046,0.0732100323992088,0.6038894547425071
GSM1051967_5765205059_R05C02,0.0199439661011875,0.126681122158794,0.0820747529143394,0.0248824720191934,0.10665362577034,0.6409313382527729
GSM1051968_5765205059_R06C02,0.050439861582680996,0.181077079088935,0.0413572492166647,0.0550677478334912,0.0490966867063745,0.6144663885652729
GSM1051969_5771710004_R02C01,0.0777181419222786,0.152673243765149,0.0685157968963986,0.034316220006185,0.0413303039607761,0.626686769273586
GSM1051970_5771710004_R03C01,0.0271922938363595,0.0574964946724005,0.0728702695162417,0.0331602397531306,0.0519224843222736,0.7610614485485471
GSM1051971_5771710004_R05C01,0.0419239201320504,0.171705118090847,0.045923514216229006,0.0611298078263994,0.0559615887131086,0.622627534429125
GSM1051972_5771710004_R06C01,0.0910067894215975,0.19495140445791898,0.0407422131790752,0.0525749895389669,0.031646483987668,0.596525413404199
GSM1051973_5771710004_R02C02,0.11055969048596,0.164996194248263,0.015769848500164,0.0683241835804611,0.0641259172732296,0.57795137910911
GSM1051974_5771710004_R06C02,0.15083369234599,0.0932179007477615,0.232906903492917,0.0497351837883376,0.0294225649060183,0.476921702298685
GSM1051975_5771710029_R01C01,0.0428361845439604,0.0432076601312643,0.07541013971144099,0.0223348389064881,0.0410109172621145,0.779226984023032
GSM1051976_5771710029_R02C01,0.023235730489334,0.0503181196423012,-4.2381920024292894e-19,0.0329071460031982,0.0568528641532209,0.828463648863309
GSM1051977_5771710029_R04C01,0.0197007103960597,0.10275851821293701,0.0641396414312532,0.0469597406036689,0.0591669851962805,0.703552775750995
GSM1051978_5771710029_R05C01,0.0377484681490082,0.0164109236079514,0.0874820884833364,0.052346100926047,0.0759511298874987,0.7379382337058091
GSM1051979_5771710029_R03C02,0.0557728816986633,0.14782241650145,0.0931285329238026,0.0241334029573614,0.0501685702425829,0.629605700230414
GSM1051980_5771710029_R05C02,0.0293572970453917,0.0159328719586583,0.119009031322238,0.0151530077379518,0.0492154255026428,0.7695528795797171
GSM1051981_5771710029_R06C02,0.0569881474137744,0.128589942363445,0.0864881345529894,0.0194655676073274,0.040653476357907004,0.668422569677073
GSM1051982_5771710030_R01C01,0.0637562170795734,0.0984193358670154,2.61933472607783e-20,0.0375937160664014,0.051468405573503004,0.7559337900542159
GSM1051983_5771710030_R03C01,0.0219514597542916,0.043613449141547994,0.0395796292403062,0.0139978855703602,0.0638289696613183,0.8132224593763441
GSM1051984_5771710030_R04C01,0.0546637211783753,0.0603974160853373,0.0492240178825209,0.0184350645729569,0.0624646669838905,0.7593146107122241
GSM1051985_5771710030_R05C01,0.0462100574364515,0.0764680851710156,0.0364079966198208,0.0250448918180964,0.10480019543515799,0.711378889051888
GSM1051986_5771710030_R06C01,0.136573054053348,0.0963191192129048,0.0674828412173158,0.0936621258327498,0.0436547264285636,0.5677817868433399
GSM1051987_5771710030_R01C02,0.0938944548818921,0.154358093814931,0.0983840066372658,0.0506140579428491,0.0881874567427768,0.526451603723747
GSM1051988_5771710030_R02C02,0.0970535985911176,0.139572459008582,1.8362869144989698e-19,0.0617477410338066,0.0541643566752793,0.640059377194201
GSM1051989_5771710030_R03C02,-4.1951516709828394e-19,-3.82678237485326e-18,-1.2122024761372998e-19,-9.41938422063777e-22,0.0945994954820499,0.8932541600297751
GSM1051990_5771710030_R04C02,-3.50289519389262e-20,0.147362977889587,0.0656035529485553,0.0127850423972873,0.0394064872869274,0.727135282646091
GSM1051991_5771710030_R06C02,0.0558798832011854,0.0624894666653495,9.15050598186558e-20,0.0494665069962362,0.0377997761816157,0.795467972644854
GSM1051992_5771710048_R02C01,0.07554479033662,0.0887977214917458,0.0603911270243288,0.121506930327806,0.0564424803736223,0.589209548204713
GSM1051993_5771710048_R04C01,0.0584392225611855,0.17307216990322596,0.0295403409767904,0.0360601552995238,0.05932480650223599,0.6435619087648691
GSM1051994_5771710048_R05C01,0.02107928136817,0.0307140094222387,1.86030898795138e-19,0.0341129488097221,0.0838334131932366,0.8407526526735151
GSM1051995_5771710048_R06C01,0.0570179387507531,0.13229555507918597,0.0847625167558128,0.0643590886209107,0.0484894976718263,0.6103345454490721
GSM1051996_5771710048_R05C02,-4.4597969841905397e-20,1.4041692038102298e-20,0.00685209938211981,0.0138159827808076,0.0484670833687704,0.930801688991235
GSM1051997_5771710048_R06C02,0.0691823277779286,0.12596381432456802,0.0664777351386407,0.0490560347110728,0.0363741896877913,0.6590542351416651
GSM1051998_5771710058_R01C01,0.0846425000621465,0.05867055456613201,0.0858239167735068,0.0321481202808814,0.0656494246043697,0.685335656624039
GSM1051999_5771710058_R02C01,0.0120567357176938,0.0610464827312996,0.035515992811879,0.0203283840682174,0.0864781599146414,0.776930945175994
GSM1052000_5771710058_R04C01,-1.04905008780936e-18,-4.9909404899494395e-18,-2.9099605862062e-19,0.025380367141474,0.0234912492730846,0.9537888518969392
GSM1052001_5771710058_R05C01,0.0543231201625072,0.0548549296803055,0.102588384961426,0.0212829257503873,0.0875158051500808,0.6740295270290669
GSM1052002_5771710058_R05C02,-1.0861224532100799e-18,2.0656445329041898e-19,-9.52225328997335e-19,0.0126169174999099,0.022991886672929,0.962874550086173
GSM1052003_5771710058_R06C02,0.0313948479109217,5.09180494310518e-22,0.00815514534979295,0.0214072225727146,0.0471013520173831,0.8840313797253381
GSM1052004_5771710059_R02C01,0.0529796674502108,0.150568570385065,0.0594480815100786,0.0374949103879864,0.0517642567325396,0.6384264938145401
GSM1052005_5771710059_R03C01,0.0133531865663291,0.0764103888040443,1.02513543533541e-20,0.0259236043865755,0.101111830466806,0.78597866997457
GSM1052006_5771710059_R05C01,0.0857395657674918,0.0423394625171371,0.0793740610890731,0.0021245219633962103,0.12174189563093901,0.6588765674076371
GSM1052007_5771710059_R01C02,0.0185156551818404,0.142721490124066,0.009183725734947391,0.048959088964652994,0.0635041146863774,0.714086015314302
GSM1052008_5771710059_R02C02,0.0856039319405221,0.12265014493406402,0.0150827402048525,0.0552360882270201,0.0580586770760061,0.644657525794238
GSM1052009_5771710059_R05C02,0.0313437469011876,0.135759874235784,0.0300484421188606,0.0379225701931542,0.0881676087259592,0.668023412496065
GSM1052010_5771710059_R06C02,0.0638876540368137,0.16131301213607,9.553300981422939e-20,0.0797215838018141,0.117182722894084,0.5654784671079219
GSM1052011_5730053006_R03C01,0.107495989214394,0.054359157600750004,0.0400023046557652,0.0421079613805869,0.0758869873094817,0.71515943509032
GSM1052012_5730053006_R06C01,0.11475951893722698,0.10264359585123599,0.0385197332257028,0.0745541457360431,0.0708644298654111,0.639588681077441
GSM1052013_5730053006_R01C02,0.15488354738233098,0.0971622181219454,0.0183142748812826,0.0771504857967881,0.0544384000297247,0.62231835913076
GSM1052014_5730053006_R02C02,0.0839765687863017,0.0479763865620426,0.0540398648133962,0.0493410139525749,0.0392642556791088,0.7466706948930321
GSM1052015_5730053006_R03C02,0.0232192423700922,0.127822280712368,0.11194287118806301,0.0655450219389976,0.0249649374210873,0.6601273085243411
GSM1052016_5730053006_R04C02,0.103606053054143,0.211371750066649,0.0600774889448841,0.0990849367959889,0.0486681869553918,0.513639035334088
GSM1052017_5730053006_R05C02,0.127069734890647,0.181819758527802,0.0461790800634744,0.11177447689391899,0.0746684136750185,0.493249093278111
GSM1052018_5730053006_R06C02,0.0991640773831617,0.140446991350001,0.0539491696205765,0.0978515566933348,0.10296654558522803,0.540522599248496
GSM1052019_5730053010_R01C01,0.153867680997459,0.0708638242527359,0.0060531234245468,0.0455949580673187,0.0780736364715123,0.673320485831828
GSM1052020_5730053010_R02C01,0.191410463381922,0.144948683085548,0.102065988298402,0.130120908851133,0.0353824759354277,0.43326215395495205
GSM1052021_5730053010_R03C01,0.0962090632264642,0.16791041236446,0.0262352408833539,0.0754843092123795,0.0892638004832849,0.572825022034179
GSM1052022_5730053010_R04C01,0.0967582583589682,0.167543723009591,0.0151407261755158,0.10773282036107301,0.0744864019986776,0.5668561081255911
GSM1052023_5730053010_R06C01,0.0501924009568813,0.154158555094629,0.100934528165246,0.0808967265603314,0.0673398556767073,0.5754561058006489
GSM1052024_5730053010_R01C02,0.11354869632365301,0.11931897068227601,0.0233802098851796,0.0440687232142529,0.0872160182341603,0.639421802174056
GSM1052025_5730053010_R02C02,0.0797069790493666,0.0545227604266838,0.0885724867541203,0.0208588592899824,0.0670176128110503,0.7089970003189591
GSM1052026_5730053010_R05C02,0.0498729502404769,0.131938894443012,0.0135876184537034,0.0690209766504346,0.0620013895918587,0.6953784058696469
GSM1052027_5730053010_R06C02,0.0906618554026042,0.0503375736726929,0.0373046954134876,0.05010407330149,0.0461041346612019,0.7575633523673041
GSM1052028_5730053011_R01C01,0.13001674699184002,0.0982450415191182,0.0205727776274368,0.096970540203695,0.0897832128447421,0.594176264285691
GSM1052029_5730053011_R02C01,0.107966878276446,0.0518466619965876,0.0312937911058299,0.0572033140544795,0.0452435904132687,0.7366884500208319
GSM1052030_5730053011_R04C01,0.0411723030181533,0.141165627270561,-1.28677283469289e-19,0.0884487462639799,0.0447578185690998,0.7161722176834381
GSM1052031_5730053011_R05C01,0.109577991750754,0.0756159319577549,0.0367981371285986,0.0462164599566827,0.0469640598014823,0.7053520023517958
GSM1052032_5730053011_R06C01,0.14883951786027,0.13189319351799303,0.0604012218054446,0.10354814430131698,0.0339851166958546,0.5597821920442579
GSM1052033_5730053011_R01C02,0.0591888183541444,0.0648768384026843,-1.7040904350498598e-19,0.0685140545350828,0.056392588685973,0.7722589073916891
GSM1052034_5730053011_R03C02,0.157437931806416,0.13025654649272,0.109563716513282,0.0406278066344352,0.0844807260064376,0.500837883206229
GSM1052035_5730053011_R04C02,0.14846504214802803,0.184045573554,0.0384457359910867,0.0884111195330754,0.0416930013711477,0.524681577170304
GSM1052036_5730053011_R05C02,0.135730140863483,0.139893870856605,0.0793639937737701,0.0866313849859591,0.0500387149828248,0.545602591738703
GSM1052037_5730053011_R06C02,0.23490096239,0.0388283300549689,0.127314700957092,0.09617745669121198,0.0821777120909417,0.467104522882286
GSM1052038_5730053027_R01C01,0.24723478522784698,0.12647368919255902,0.10213539236252198,0.0842576089165733,0.0571022895240129,0.41587643015507897
GSM1052039_5730053027_R02C01,0.10515170522480499,0.19403650376134302,0.0298214544103175,0.129210934173595,0.0832943178228075,0.4848944294549
GSM1052040_5730053027_R03C01,0.0335413438333311,0.11128874687728399,0.10626052844981501,0.0788016726664243,0.0810608168264852,0.614241330920192
GSM1052041_5730053027_R04C01,0.0256273400082111,0.0715524171727468,7.76343957976894e-20,0.0576551840464711,0.0498415466151148,0.8139946812702241
GSM1052042_5730053027_R05C01,0.18718116083434197,0.10335594638449302,-1.3981330373063699e-19,0.046906126582317,0.0751507970259051,0.618252579130211
GSM1052043_5730053027_R01C02,0.0621519608025137,0.0470522356234587,0.0197413931008644,0.0545712461427605,0.0716730887294677,0.776495317862417
GSM1052044_5730053027_R02C02,0.11287915841170801,0.0210580607102249,-9.426238874055509e-19,0.0609913466568488,0.0684306818415004,0.772090656267756
GSM1052045_5730053027_R05C02,0.0817479179601964,0.0937257003621532,0.00171662187514827,0.0469807915200834,0.0543356501042798,0.744108993827644
GSM1052046_5730053027_R06C02,0.11668674678804598,0.0643614319970429,0.0501916345959212,0.07462242688930901,0.0748951206820946,0.6388731647117869
GSM1052047_5730053037_R01C01,0.0985056022694272,0.165652760664423,0.11904569465543902,0.10602838608133,0.0542635762565105,0.4801357028732561
GSM1052048_5730053037_R04C01,0.0895034725781996,0.21070102018039602,0.0322123307389859,0.0891358185694268,0.0483999390966733,0.557278998640921
GSM1052049_5730053037_R06C01,0.16615073084221801,0.0428599231308618,0.0863337260501577,0.0892420706611987,0.12048973655619699,0.533910091987895
GSM1052050_5730053037_R01C02,0.102426570749359,0.143143452014643,0.037982025318502,0.0625915504660577,0.0437120432807197,0.6338776907417271
GSM1052051_5730053037_R02C02,0.0453326167495356,0.12234256215815802,0.0954136179219752,0.109114529463834,0.0381981293879997,0.6159079554473941
GSM1052052_5730053037_R03C02,0.115210860484946,0.054986821695577996,0.0844193065222433,0.0754538878823904,0.064495347631114,0.6490807105119549
GSM1052053_5730053037_R04C02,0.10564593699411301,0.0656230941636103,-1.31473506757401e-18,0.0622637179308503,0.0887382805951046,0.7162145901228909
GSM1052054_5730053037_R05C02,0.119407986779755,0.161649730179135,0.0244033628428215,0.0955595061453863,0.0516492148129583,0.581609872018917
GSM1052055_5730053038_R01C01,0.11298767037795,0.0625605125050321,0.00186086087356168,0.0658646917373917,0.0712848481641315,0.718238831259015
GSM1052056_5730053038_R02C01,0.123728624897101,0.17659715919824698,-7.91273575660724e-19,0.0885663367082176,0.0407513263164766,0.6126345855138859
GSM1052057_5730053038_R04C01,0.128948551263162,0.0616028656220715,0.0659256035571324,0.0507900588011317,0.0569525850325482,0.676353726235106
GSM1052058_5730053038_R05C01,0.0952849214807646,0.00908512840339635,0.0150093580021599,0.0444807149332814,0.0403604681902531,0.8049707976368891
GSM1052059_5730053038_R01C02,0.17685075040257997,0.130963657840615,0.0105513839412493,0.0559249951138361,0.0757908981905627,0.5767586429836999
GSM1052060_5730053038_R03C02,0.17213898074948697,0.0816655855453045,0.0521291401462901,0.0508530725139283,0.0549929522568721,0.6099872781431229
GSM1052061_5730053038_R05C02,0.116292627008224,0.0666361535746897,0.0276858986934466,0.0747791795034923,0.147749298782267,0.587556116892109
GSM1052062_5730053038_R06C02,0.102113991889643,0.148833191446361,0.0994113272292104,0.0630668810045449,0.0573152152946241,0.546528739361252
GSM1052063_5730053047_R01C01,0.044133558310885,0.0854215382746784,0.0466303899236807,0.10756002837036199,0.10455601157776,0.6397690904811729
GSM1052064_5730053047_R02C01,0.0823773298554531,0.0595388068094006,0.0322867098013632,0.0509712854441095,0.0400644788481947,0.749880616894563
GSM1052065_5730053047_R05C01,0.10278910727746401,0.0912184691322765,0.13902576701792702,0.06291030849193799,0.0639348841533803,0.5786826432169839
GSM1052066_5730053047_R06C01,0.20122796870882395,0.0415507807315614,0.145499860711259,0.0699082282426386,0.0878668727559656,0.48220234696798103
GSM1052067_5730053047_R01C02,0.139399714042966,0.0255449036178428,0.0616055883698922,0.0823110686206227,0.0494708480011118,0.6760026485833339
GSM1052068_5730053047_R02C02,0.0423541826442556,0.0781677840988537,-1.48106625152229e-19,0.0568471887512076,0.0582034396630155,0.794078727942417
GSM1052069_5730053047_R04C02,0.0690653653685879,0.163237041479931,0.0276577173448643,0.0461192406548077,0.123560168844348,0.5945228059920339
GSM1052070_5730053047_R05C02,0.0937501450507786,0.0839276796793673,1.56684454062584e-19,0.0747044460311065,0.0774086035527844,0.69374320320784
GSM1052071_5730053055_R01C01,0.0818589965583145,0.10999581320552601,-3.10637668324522e-19,0.047744084888308,0.0617659583775422,0.719069194919424
GSM1052072_5730053055_R04C01,0.170255295388591,0.0963434877390849,0.110947617434298,0.0963445111508917,0.0533094557259059,0.510012284516324
GSM1052073_5730053055_R02C02,0.107664543954198,0.0584660523774566,0.0981609775332379,0.0518549900608977,0.0811690546242251,0.631033416156869
GSM1052074_5730053055_R03C02,0.0658379258924687,0.0803071539339288,0.0389697495198758,0.0504082649329202,0.0619064583792182,0.728448007135809
GSM1052075_5730053055_R04C02,0.0973027852235785,0.0964135761908138,-3.0108951366955895e-20,0.0639729659931618,0.0850416472238177,0.677020854365113
GSM1052076_5730053055_R05C02,0.0858846090901146,0.0815577017270719,-3.94919126501552e-19,0.0510618652179931,0.0344885473540658,0.75786205989454
GSM1052077_5730192007_R01C01,0.0623619673928592,0.0955793529368381,0.0447733776213288,0.0642240466074452,0.0296259938976216,0.7049284133515121
GSM1052078_5730192007_R02C01,0.10764908252348401,0.106951538899449,0.0183806070798307,0.0110418237365514,0.0519839946331985,0.698559881081975
GSM1052079_5730192007_R04C01,0.036867578744661005,0.11802521915902499,0.0290154921888711,0.0540827000891443,0.0605510594404156,0.6967182516470289
GSM1052080_5730192007_R06C01,0.0610825017278151,0.135251943672929,2.2044253967897895e-19,0.026546342016642,0.0589844600234934,0.721110807819822
GSM1052081_5730192007_R01C02,0.0306447110112248,0.0276122989007626,0.0867477375535744,0.0278335484545874,0.0541501365944329,0.772569268535333
GSM1052082_5730192007_R02C02,0.062623918901199,0.234281698680518,0.054858512910712004,0.11361393209168101,0.0622876758242038,0.45642112584745503
GSM1052083_5730192007_R04C02,0.10822299185052,0.0553521558649409,0.10132446420101499,0.0169092172174764,0.077248021541436,0.632799063235427
GSM1052084_5730192034_R01C01,0.067617584740672,0.0408746585572356,0.0884090799439409,0.025229387432297995,0.0347209982682199,0.7427004997214499
GSM1052085_5730192034_R03C01,1.2175702657021899e-18,0.0741204089296785,0.0470625479500746,0.026804575769117996,0.0550946413960021,0.7862792280008459
GSM1052086_5730192034_R04C01,0.00820240114490273,0.0739385494956597,0.00186775401404042,0.028901702335405,0.0992254187516439,0.785018120621408
GSM1052087_5730192034_R05C01,0.145580703612436,0.113714909742426,0.0571912171405143,0.0535465347762932,0.0392980504019724,0.591653846548025
GSM1052088_5730192034_R02C02,0.0726189128479624,0.22373794640942302,0.03752744625250701,0.0537872111580654,0.0249181731690376,0.5794836337901059
GSM1052089_5730192034_R04C02,0.0641285296484638,0.142136151019694,0.0235589651560815,0.0433309173981766,0.0482287895512385,0.6813229376773929
GSM1052090_5730192034_R05C02,0.023243175972395,0.129222290578627,0.0112700966408014,0.025098239820186004,0.0508130140050164,0.751161233579403
GSM1052091_5730192034_R06C02,-3.2230585227879903e-20,0.27831574909284196,0.0441098131485114,0.0710701772674767,0.0488865165347085,0.547880986193838
GSM1052092_5730192035_R01C01,0.10814610136623799,0.143968482870441,0.0977086334822937,0.0430315044469467,0.0279915948701638,0.579590706192021
GSM1052093_5730192035_R03C01,0.0686203276427567,0.19724325185776004,0.120064046385351,0.0374334209401348,0.0814987591598967,0.5060345793274971
GSM1052094_5730192035_R06C01,0.0309565170239044,0.0975787768054533,0.0493032767164676,0.0708167409910708,0.0350712431139467,0.710310562580695
GSM1052095_5730192035_R03C02,-2.1031875140102197e-19,0.0874959572356232,0.0245711352560658,0.0287852625592803,0.0603762202439303,0.7996386183037841
GSM1052096_5730192035_R05C02,3.1517211808157397e-19,0.0260768465898005,0.0318290494312407,0.030336050082683995,0.0239608458870966,0.885848565073316
GSM1052097_5730192035_R06C02,0.0484675288811446,0.093434443782926,0.065208569141608,0.10639126263112898,0.0974299516874959,0.591890325267168
GSM1052098_5730192036_R01C01,0.0162246739451272,0.0995107379617815,0.0977893654602396,0.0507662773369276,0.0213253966203903,0.7153367386596149
GSM1052099_5730192036_R05C01,0.03858194778335399,0.20112565954256895,0.0845929317618837,0.10493245909226301,0.0845773826198203,0.4790436399587079
GSM1052100_5730192036_R06C01,0.0617083384298331,0.0616119908887477,0.0552592056839263,0.0417635803940152,0.112010894412342,0.6742678457518311
GSM1052101_5730192036_R01C02,0.033306398220212,0.19107519213335603,0.186057800955045,0.0697777425644937,0.0202828255684777,0.492636989440151
GSM1052102_5730192036_R02C02,0.0652361063373417,0.113496289359744,0.13212162316395298,0.0706265200935968,0.0240561743519703,0.5924337445823461
GSM1052103_5730192036_R03C02,0.0312028556945883,0.0641460772270791,0.0433096009584749,0.0170865805900118,0.10423421814089699,0.740330468168027
GSM1052104_5730192036_R04C02,0.0699612331798111,0.146359635566129,0.0620238869570903,0.006183367445853171,0.0703063447714553,0.625836360315469
GSM1052105_5730192042_R03C01,0.135775937716409,0.106401298069068,0.0130740614801005,0.0172054202451307,0.0873610605680641,0.639994634071028
GSM1052106_5730192042_R04C01,0.0556858046592735,0.0450599795423176,0.0160407503293601,0.041126012608603,0.082337609068736,0.768512590167318
GSM1052107_5730192042_R05C01,0.0874191684049434,0.0910961960585042,0.0148173294263279,0.0448905438345756,0.0548172706653521,0.7107470267762321
GSM1052108_5730192042_R01C02,0.0451927422355385,0.0969265572394909,-1.5685230057074898e-18,0.0310189872724429,0.0493091278691031,0.7773687372028429
GSM1052109_5730192042_R02C02,0.0175894778047465,0.0892147746375095,0.0342623634989513,0.0472815026785118,0.0469915256060277,0.764163994745447
GSM1052110_5730192042_R03C02,0.0826281402887889,0.129005564228221,0.11779563538548,0.11103216891069301,0.11220573013857499,0.46884969009544997
GSM1052111_5730192042_R04C02,0.0346955391757007,0.177793735826765,0.0174091432637425,0.0390580194037776,0.0659597182435271,0.6723771724750229
GSM1052112_5730192042_R05C02,1.59236990021866e-19,0.10236677130721301,0.060807177645577005,0.0646887231854062,0.0635480513155127,0.7140806504568801
GSM1052113_5730192042_R06C02,-5.200333896750989e-19,-6.28173156795996e-20,0.0118992386790007,0.0405779819416816,0.0564554922308512,0.894037105202925
GSM1052114_5730192045_R02C01,0.0180662269507387,0.147927754217724,1.31582286213995e-18,0.0578374570114919,0.0808248261524886,0.696905761815961
GSM1052115_5730192045_R03C01,9.29495427436064e-20,-5.70986134272972e-18,0.0269819688297505,0.0267777288828945,0.05141507534616901,0.892822796758465
GSM1052116_5730192045_R05C01,0.0641684227620584,0.12763532200992098,0.044458277970520994,0.0218583471559681,0.090331997211858,0.645625337923044
GSM1052117_5730192045_R01C02,0.0210145636786151,0.0376997214022963,-7.50791257183259e-19,0.0106005693965265,0.0827544899816503,0.8481094032549921
GSM1052118_5730192045_R02C02,0.00964840510162951,0.127394610085994,0.0794668638797725,0.0942376711397212,0.0346129904598106,0.6530357547085529
GSM1052119_5730192045_R04C02,0.0455242234781844,0.0420471396379773,0.0234095525133537,0.0229728674887529,0.0940004216065154,0.7659162367572221
GSM1052120_5730192045_R05C02,0.0162059169626124,0.0731812870259946,0.00994046212043076,0.0343441683282206,0.0730770830963945,0.8001715323124351
GSM1052121_5730192045_R06C02,0.0423018231098666,0.112989262424658,0.0131201298731833,0.030239330460802998,0.0558738549474019,0.73852152939396
GSM1052122_5730192048_R01C01,0.0228794482905976,0.0895381390630006,0.135161375761914,0.0360483269394585,0.0710644215235755,0.647911438675307
GSM1052123_5730192048_R02C01,0.0470222954049834,0.0654961925600151,0.0832355101713335,0.193144983819548,0.0189445359475666,0.601625422632322
GSM1052124_5730192048_R03C01,0.0710958122894726,0.10225769032958001,1.8992693129717897e-19,0.030931292461841,0.0908683820692048,0.707679585841586
GSM1052125_5730192048_R04C01,0.112568897247732,0.201045905319851,0.0927214770550833,0.0786085610789666,0.0401821120943128,0.48769669218453005
GSM1052126_5730192048_R05C01,0.0758415550255463,0.0736453703743173,0.0516899154126202,0.0193327385046232,0.0630425823390721,0.7166823491143259
GSM1052127_5730192048_R06C01,0.0708138608435062,0.11109927530086,0.194641473083454,0.0240977058348136,0.0724008697715372,0.540456600565005
GSM1052128_5730192048_R01C02,0.0350347893547637,0.143119006900909,0.0896522980787414,0.0331364945940277,0.0427871871414536,0.657844286611161
GSM1052129_5730192048_R02C02,0.0494134983065499,0.148175560098655,0.0771462258092933,0.0315275700368434,0.0666078192167943,0.625060313495396
GSM1052130_5730192048_R03C02,0.19276512255935396,0.265538438359533,0.10516464113442099,0.129899455877225,0.0185418010640434,0.300925784644653
GSM1052131_5730192048_R04C02,0.0782349146841825,0.18722640163829302,0.0708066592531827,0.0299158711931995,0.0468717920935197,0.599461187726084
GSM1052132_5730192048_R05C02,0.0726767858268842,0.192075239395071,0.0919183350687596,0.0585257738536626,0.0659528413402491,0.532689581323028
GSM1052133_5730192048_R06C02,0.023749686207919,0.138566907755439,0.143792287299372,0.0748244755267646,0.0777943495574892,0.56050153736465
GSM1052134_5730192057_R01C01,0.0960275604149972,0.0144911880162332,0.0626252800158744,0.034523974230495004,0.0437705338570511,0.755701503909373
GSM1052135_5730192057_R02C01,0.141763096806005,0.126113262738651,0.0642928648642474,0.0473249047833929,0.0412205543849128,0.586716633433466
GSM1052136_5730192057_R03C01,0.105257531784357,0.18282536637636,0.205849013717293,0.0604179866219298,0.0297782647118137,0.419784796161109
GSM1052137_5730192057_R04C01,0.14770292862678303,0.101196782273438,0.0331880942643354,0.0403495351124637,0.044690520137685,0.632304742913152
GSM1052138_5730192057_R05C01,0.0274309058339137,0.0737019636852605,0.0191908415713687,0.0121164909935722,0.0388451880588683,0.829191450973956
GSM1052139_5730192057_R06C01,0.0303996509930071,0.0786397675134013,0.0525356290046699,0.0484105877703387,0.046680699955516,0.740438894495295
GSM1052140_5730192057_R01C02,0.0501879341582856,0.0809397798650703,0.0526347297343656,0.0740255691995449,0.0891107853896558,0.6696329026549821
GSM1052141_5730192057_R03C02,0.0690339315654255,0.136999832321311,0.00873367844881724,0.0549117112764348,0.0502278919773898,0.6767137981815551
GSM1052142_5730192057_R04C02,0.0204860685447803,0.0860220346203959,0.0110965333008761,0.0414812758361195,0.0761058416087104,0.7641486702981579
GSM1052143_5730192057_R05C02,0.0703465547870493,0.16948328930127804,0.09071707340313401,0.0291658947200683,0.0514126130169432,0.590198109271733
GSM1052144_5730192057_R06C02,0.10768790033070698,0.17537359356895998,0.0145005713412841,0.0848114776099175,0.0446084884327741,0.5709887747855511
GSM1052145_5730053009_R01C01,0.0831652567340708,4.2387960692575794e-19,0.0826251506263011,0.0231949188198777,0.0459649539328616,0.758614576715001
GSM1052146_5730053009_R02C01,0.0368546165037508,0.0173790405988176,0.00380803853457606,0.0213781532939956,0.0420147236959653,0.8759687526814641
GSM1052147_5730053009_R03C01,-9.09266927773688e-19,0.0703767213020993,0.0415131921832058,0.00549145445612782,0.0590462424120091,0.81824900987409
GSM1052148_5730053009_R04C01,-1.35433252163784e-18,0.04534152104442599,0.0833412669790784,0.0121105115570282,0.0805511067964079,0.7730081155600709
GSM1052149_5730053009_R05C01,0.0426840073759714,0.0916903389903692,0.0263735111835214,0.0259248655428802,0.0604327991758464,0.744784435374678
GSM1052150_5730053009_R06C01,0.0925850456549973,0.110771914735422,0.0543077618884916,0.0284268567000501,0.0733988680628904,0.62602617699062
GSM1052151_5730053009_R01C02,-5.21450928432823e-18,2.6905879749558798e-18,4.3184549424584496e-19,0.0211984266505194,0.0531281344860936,0.922019016929397
GSM1052152_5730053009_R02C02,3.79320060852117e-19,0.170800733089911,0.055121879973783,0.021726530262674,0.0620345863230316,0.684344312189444
GSM1052153_5730053009_R03C02,0.0345535341628747,0.10826525483164501,2.55896059384488e-19,0.0357000098126014,0.0447486575373112,0.764366483824213
GSM1052154_5730053009_R04C02,0.0242409817442991,0.12936151005645,0.0293030044368924,0.0465360664914303,0.0434181585089782,0.71368769827409
GSM1052155_5730053009_R05C02,0.0512744764923116,0.0165074860592364,0.0038502326171021297,0.0125321649787704,0.0559567509190458,0.848014048910495
GSM1052156_5730053012_R03C01,0.0257873659206242,0.119323044230501,0.0431823128272775,-1.2732443467542999e-19,0.0547013066785744,0.7461222988202141
GSM1052157_5730053012_R05C01,0.0752486929269379,0.127577690804432,0.0819016151211829,0.0374862355194569,0.00868900544560057,0.659346177244531
GSM1052158_5730053012_R06C01,0.0309226546360971,0.0488310332047082,0.0315746966274003,0.034752679385847,0.104394304980711,0.7579242275689592
GSM1052159_5730053012_R01C02,-3.0741806224479e-19,0.0843773530718411,0.0666816117154748,0.0086687826834706,0.0756209189692415,0.747940016144626
GSM1052160_5730053012_R02C02,0.0766013651893043,0.060437480743338,0.10164001406300001,0.0647780148771679,0.0534030488893508,0.6360174360969589
GSM1052161_5730053012_R03C02,0.0501044942478882,0.0263992610389071,0.0698898630872047,0.013703254821845,0.0477540851619843,0.7885194671502029
GSM1052162_5730053012_R04C02,0.21376317868552697,0.0533078395235487,0.14742698701952697,0.0283065109546759,0.216188067526641,0.347095186636609
GSM1052163_5730053012_R05C02,-3.03631917624688e-19,0.217951272353116,1.03841255606638e-19,0.0145257024572534,0.0767007393199233,0.6733319595521631
GSM1052164_5730053030_R02C01,0.0165176483977378,0.0435750928749561,0.00953841997465288,0.0353593751542551,0.0675773090495547,0.8387381231565421
GSM1052165_5730053030_R05C01,0.042522557676698,0.148688467982007,0.0337903026747493,0.0491494717433514,0.0610266878810052,0.6779676159223079
GSM1052166_5730053030_R06C01,0.0270256151300675,0.1031420789997,0.142943118244133,0.0356954897329516,0.0712143162213736,0.6274415289390028
GSM1052167_5730053030_R03C02,0.0938796967592115,0.0956721410902548,-1.0728944822067199e-18,0.0613251512217419,0.0908550813396214,0.675371902525358
GSM1052168_5730053030_R04C02,0.0431734210066214,0.0902630951730595,0.0275970194033717,0.0290505213208903,0.052592839433026,0.751210534791059
GSM1052169_5730053030_R05C02,0.12854895103217698,0.010904616023501998,0.0573101488409319,0.0509287018298546,0.10072660046406301,0.673700745580264
GSM1052170_5730053039_R01C01,0.0144715579698122,0.0525240587587691,-7.334716134208129e-19,0.0268275517553449,0.048564658370435,0.8565247819580122
GSM1052171_5730053039_R03C01,0.0550897025061099,0.161485195008482,0.064128617894545,0.0177277014820817,0.046298746856030006,0.65396817356638
GSM1052172_5730053039_R05C01,0.0326558644190657,0.102691256639324,0.0985841144022128,0.0761557475270257,0.0544355518125199,0.6284248604359489
GSM1052173_5730053039_R01C02,0.0480938729072435,0.11705993141975099,0.0125651127052783,0.0559534802303703,0.0349456788141142,0.726681935814674
GSM1052174_5730053039_R02C02,0.0261521376424253,0.14099666082977,0.0878924881691428,3.1849870646301097e-21,0.0437318787336038,0.6912258580979771
GSM1052175_5730053039_R04C02,0.0317272356679822,0.042676928872724,0.00569613344618565,0.0108654732915851,0.08233028360396902,0.828459350138482
GSM1052176_5730053039_R05C02,0.0232328020578366,0.103029688993404,0.0571436021306592,0.0148214324958853,0.0790568656192707,0.7099517820949821
GSM1052177_5730053039_R06C02,0.0683903243267708,0.182038261794299,0.0515936208740327,0.0660522358912589,0.0412564929900752,0.593064851278428
GSM1052178_5730053040_R01C01,0.00308773536106067,0.143066454926755,0.08837719956850301,0.0388562763574831,0.0463171479247242,0.671613592738483
GSM1052179_5730053040_R02C01,0.0521346992387297,0.104403397325417,0.0188795227300682,0.0316096639387758,0.119902700626241,0.6726224121682269
GSM1052180_5730053040_R03C01,0.021180406580399,0.11163240107274301,0.00995386458447519,0.0439854664372048,0.0660891926584412,0.741312605736939
GSM1052181_5730053040_R05C01,0.056796730403676,0.0578536277078041,-4.1058620091719897e-19,0.036995011255524,0.05938963391191901,0.779150621101415
GSM1052182_5730053040_R01C02,0.0591841293933223,0.0702131926581362,0.0254255797150417,0.0289520646897269,0.0684833428117421,0.7484248121925909
GSM1052183_5730053040_R02C02,1.1686514642560599e-18,0.0229283971667188,-1.73704430887538e-18,0.0157793471359837,0.0441219226165781,0.9061925154800141
GSM1052184_5730053040_R06C02,0.10231654519686399,0.158553028345698,5.23370601022179e-19,0.0119239133537726,0.0612643363009518,0.650196827558038
GSM1052185_5730053041_R01C01,0.0199335051031613,0.0399792469082242,-3.15484243995741e-19,0.0232492592827612,0.0339037582823172,0.8709112534952129
GSM1052186_5730053041_R03C01,0.0504776046629396,0.040745342684504,-4.49881144539587e-19,0.059268635213976,0.0426294990952764,0.79364913706064
GSM1052187_5730053041_R04C01,0.052692483622533,0.120803187224747,-4.49251071277552e-19,0.12137200486445698,0.0623710164229811,0.6419095933499871
GSM1052188_5730053041_R05C01,0.15363993170295098,0.159698458061465,0.0468356898948677,0.0279436391125257,0.0670629552097885,0.5440759026112371
GSM1052189_5730053041_R06C01,0.0690840512650903,0.14731820963969,0.0304977896132844,0.0278750853201329,0.0601897632137276,0.665917342989313
GSM1052190_5730053041_R01C02,0.0839719310058877,0.103684079289746,0.0547956515356346,0.0475341244382462,0.0372954801224667,0.680007039724102
GSM1052191_5730053041_R02C02,0.0894064796785677,0.227286336390133,0.10278332430789501,0.014791897397241,0.0334414586315106,0.512386684576463
GSM1052192_5730053041_R03C02,0.0391241127124249,0.207167245506415,0.10645911542994199,0.0507435534396798,0.0868482150536211,0.500890380129523
GSM1052193_5730053041_R04C02,0.131633318982519,0.0992354402951205,0.0193896155138895,0.0532385989527854,0.0578134795042805,0.646423096085255
GSM1052194_5730053041_R05C02,0.0925078018091688,0.24294924544398003,0.0618332439596417,0.0426918044277103,0.0653883978043611,0.494204956495927
GSM1052195_5730053041_R06C02,0.0124652579905072,0.0795756453110887,0.0895189443004592,0.0361327342778461,0.0530148561948891,0.722270783098405
GSM1052196_5730053046_R01C01,0.0415504061578041,0.0987528402468436,0.044790348429824996,0.0919726070466006,0.0643493366582965,0.652793112207861
GSM1052197_5730053046_R03C01,0.0404910783446007,0.0336624513510248,0.0478492535480786,0.0174920575230949,0.11054006885160302,0.7518450279921121
GSM1052198_5730053046_R04C01,0.17971976636472697,0.0581753713640407,0.0994451212453163,0.0328176777613596,0.0374402883523306,0.5906929009224449
GSM1052199_5730053046_R05C01,0.0355184086556853,0.0677166470012648,0.0214695484079431,0.0191974800414936,0.0729715176179158,0.7761569863851129
GSM1052200_5730053046_R06C01,0.0146143619772626,0.0798287152938631,0.00117044730009369,0.0186909638836331,0.0752280116227677,0.8087304942815441
GSM1052201_5730053046_R01C02,4.0465662807582e-19,0.0753505241263726,0.00331961933197958,0.0108042619422661,0.0319518791516769,0.869952510433587
GSM1052202_5730053046_R03C02,0.0306579007251004,0.135635789936467,9.23051377509438e-21,0.0826936466334549,0.0372669621529393,0.7050637165884259
GSM1052203_5730053046_R06C02,0.0415583425549016,0.13469306873723802,0.0387673392798235,0.0615720244429866,0.0437914126836862,0.675215115576686
GSM1052204_5730053048_R01C01,0.00972256094468455,0.016917084336187,3.54483299285122e-20,0.0325506908720272,0.0336501166571274,0.904642872508533
GSM1052205_5730053048_R04C01,0.102748142914108,0.171243265220389,-1.1766924460958698e-18,0.0588991347682087,0.0665931141224814,0.588718204626786
GSM1052206_5730053048_R05C01,0.0446730879291298,0.0991721151735129,0.0834972878696801,0.0794574763064905,0.0625095152913076,0.627299026703989
GSM1052207_5730053048_R06C01,0.101408614229346,0.289108425109233,0.0915024033793981,0.0546652290765666,0.0177190581496122,0.4342512229257629
GSM1052208_5730053048_R01C02,0.137134520994105,0.163712393598845,0.113208257353165,0.10010011576669199,0.0614731125874541,0.435250312289117
GSM1052209_5730053048_R02C02,0.0644551727263566,0.17251423169666297,0.021672909822903996,0.0832578683880078,0.0559048543269572,0.599456881060791
GSM1052210_5730053048_R03C02,0.134936461956371,0.12180966571128699,0.158504276235303,0.0699512834179421,0.061975121149956,0.49884207117797597
GSM1052211_5730053048_R04C02,0.119466262384292,0.168802066762769,0.0172794593945436,0.0449445331655655,0.073858510104566,0.567840692867371
GSM1052212_5730053048_R05C02,0.129529500372043,0.0220816861141057,0.140414815901509,0.0291399059036074,0.0748494018688505,0.6070044923691329
GSM1052213_5730053048_R06C02,0.113051882785854,0.23218437766570899,-3.6682098174540694e-20,0.0714408205209454,0.045512462280795994,0.537420964608962
